id_log,mensaje,nivel,fecha_hora,id_dispositivo
1,"System log: event 1 - id d06b8e6a02dddb1c",Info,"2025-08-20 02:50:48",20
2,"System log: event 2 - id 4aa4776e54260c86",Critical,"2025-08-21 04:50:48",60
3,"System log: event 3 - id 627dd71bed87c2b1",Info,"2025-03-19 20:50:48",173
4,"System log: event 4 - id 998f2a12f99e9d21",Critical,"2025-09-04 18:50:48",89
5,"System log: event 5 - id 79d56045177fe8cf",Error,"2025-04-04 12:50:48",141
6,"System log: event 6 - id 87ae6beebbeb5e55",Warning,"2025-10-06 20:50:48",134
7,"System log: event 7 - id 512eef5d2e802be0",Info,"2025-10-22 03:50:48",112
8,"System log: event 8 - id d00c8c5ec47a6d39",Error,"2025-03-29 07:50:48",30
9,"System log: event 9 - id 8d883227b376525c",Critical,"2025-08-23 07:50:48",36
10,"System log: event 10 - id ac8b221ba9f7501a",Info,"2025-04-16 20:50:48",210
11,"System log: event 11 - id fc97531ea6345e32",Critical,"2025-08-26 18:50:48",190
12,"System log: event 12 - id d43375a87e8d6fc2",Warning,"2025-05-05 23:50:48",51
13,"System log: event 13 - id e17f369147189130",Critical,"2025-04-15 23:50:48",32
14,"System log: event 14 - id a28be422e46a450d",Info,"2025-04-07 05:50:48",2
15,"System log: event 15 - id 73057a3429c5beaf",Error,"2025-03-29 21:50:48",167
16,"System log: event 16 - id 6bd3efc3034c293c",Info,"2025-03-14 02:50:48",208
17,"System log: event 17 - id 7c53084c207ccccf",Info,"2025-07-29 06:50:48",76
18,"System log: event 18 - id 38d3a7443a82dcce",Warning,"2025-03-22 15:50:48",32
19,"System log: event 19 - id c052269d17844c43",Error,"2025-09-07 20:50:48",219
20,"System log: event 20 - id c41851b6f9d33411",Warning,"2025-06-15 22:50:48",57
21,"System log: event 21 - id c9c8f6df63f6bc2",Info,"2025-04-17 10:50:48",141
22,"System log: event 22 - id 86915b1f0b399ba4",Error,"2025-11-04 21:50:48",97
23,"System log: event 23 - id 270b14cbe747a05b",Info,"2025-09-21 13:50:48",203
24,"System log: event 24 - id 17d71765416c725f",Warning,"2025-03-15 17:50:48",184
25,"System log: event 25 - id 457d46666376cef3",Error,"2025-04-26 06:50:48",94
26,"System log: event 26 - id 77df8e71a587f014",Critical,"2025-08-03 17:50:48",18
27,"System log: event 27 - id 54613504390b5e28",Critical,"2025-10-13 23:50:48",76
28,"System log: event 28 - id c5622db5d4e97868",Info,"2025-06-24 06:50:48",124
29,"System log: event 29 - id 1250156cfb686857",Warning,"2025-03-12 07:50:48",59
30,"System log: event 30 - id c06e3e100221e080",Warning,"2025-06-02 02:50:48",30
31,"System log: event 31 - id 8a8db54b4903218",Error,"2025-09-08 06:50:48",195
32,"System log: event 32 - id 669d709989cb060",Critical,"2025-05-28 07:50:48",13
33,"System log: event 33 - id ad4af17fb6d851e1",Error,"2025-05-20 07:50:48",193
34,"System log: event 34 - id 7bf85e263d3dd376",Info,"2025-08-24 10:50:48",50
35,"System log: event 35 - id 2dc989c359a62d77",Info,"2025-09-28 18:50:48",164
36,"System log: event 36 - id 5e011ec4730c6c0b",Warning,"2025-06-17 05:50:48",43
37,"System log: event 37 - id 515c9e1d753521e4",Info,"2025-08-12 18:50:48",27
38,"System log: event 38 - id 9f791c0fbaa9a351",Error,"2025-08-13 03:50:48",79
39,"System log: event 39 - id 967170b7b15ed0cf",Warning,"2025-04-21 23:50:48",12
40,"System log: event 40 - id 137f5f68b6f9eede",Critical,"2025-07-19 02:50:48",120
41,"System log: event 41 - id a026c736e66c5e3b",Error,"2025-05-16 19:50:48",103
42,"System log: event 42 - id c0b767144a1ae28e",Error,"2025-03-31 17:50:48",111
43,"System log: event 43 - id 246a0ff29e915e46",Warning,"2025-07-09 00:50:48",137
44,"System log: event 44 - id 25e20cb314350b44",Warning,"2025-09-11 01:50:48",22
45,"System log: event 45 - id 65272bbd083dbe1b",Info,"2025-10-08 09:50:48",21
46,"System log: event 46 - id feb81533c262b2b0",Critical,"2025-05-04 06:50:48",23
47,"System log: event 47 - id 2d59fda5c00cff6b",Critical,"2025-08-05 10:50:48",126
48,"System log: event 48 - id 9bdb9a026bdc188e",Critical,"2025-09-15 08:50:48",180
49,"System log: event 49 - id ac03e5cfccd585ae",Info,"2025-08-15 19:50:48",87
50,"System log: event 50 - id ec0d3c49856c9f51",Error,"2025-04-12 08:50:48",65
51,"System log: event 51 - id 6b7dc0c7040965ed",Warning,"2025-08-06 11:50:48",124
52,"System log: event 52 - id 9dd6470fd2a4f5d",Info,"2025-05-08 03:50:48",68
53,"System log: event 53 - id 471a3ccc271c0c5",Critical,"2025-04-19 23:50:48",58
54,"System log: event 54 - id f2c4a5f0513c00b2",Critical,"2025-03-11 11:50:48",76
55,"System log: event 55 - id 654717a5bc36a17f",Critical,"2025-09-23 19:50:48",213
56,"System log: event 56 - id dae787693012f68f",Warning,"2025-09-10 20:50:48",150
57,"System log: event 57 - id f820dbd7739c2a2a",Error,"2025-06-04 10:50:48",217
58,"System log: event 58 - id 81f6fb52625eb71d",Critical,"2025-10-13 23:50:48",116
59,"System log: event 59 - id 34fdc0374bee6830",Info,"2025-09-03 10:50:48",48
60,"System log: event 60 - id 5615a2890bc802dd",Warning,"2025-05-26 06:50:48",195
61,"System log: event 61 - id 4bfa00b0f29d09d7",Critical,"2025-03-27 13:50:48",203
62,"System log: event 62 - id 641e8a94f0974462",Error,"2025-04-22 07:50:48",158
63,"System log: event 63 - id 177f48d2f9fe2c03",Warning,"2025-04-24 14:50:48",146
64,"System log: event 64 - id 1acbc7c6b1183b5f",Critical,"2025-09-08 03:50:48",150
65,"System log: event 65 - id ff6f9a25acaad538",Critical,"2025-09-22 06:50:48",126
66,"System log: event 66 - id f28b148a5c511ce3",Info,"2025-09-02 06:50:48",152
67,"System log: event 67 - id 5b083b40c611bdc1",Info,"2025-08-09 16:50:48",44
68,"System log: event 68 - id f4225ad6a82ca2e4",Critical,"2025-06-25 22:50:48",7
69,"System log: event 69 - id 2ad7dfc940370397",Warning,"2025-08-22 21:50:48",25
70,"System log: event 70 - id 1b4f3adcf45f35b0",Error,"2025-04-10 02:50:48",155
71,"System log: event 71 - id c942c31b9a6944e5",Info,"2025-04-26 21:50:48",101
72,"System log: event 72 - id b705654d5cc1cec0",Critical,"2025-06-14 21:50:48",66
73,"System log: event 73 - id 5ae589ee0530c171",Error,"2025-05-24 02:50:48",192
74,"System log: event 74 - id 1f36c40f5837ef6f",Warning,"2025-09-03 15:50:48",68
75,"System log: event 75 - id bf1200796ab7ed93",Error,"2025-07-09 10:50:48",101
76,"System log: event 76 - id 331968be5edaed01",Warning,"2025-10-23 14:50:48",144
77,"System log: event 77 - id 383bdf8aee6198bd",Error,"2025-06-10 23:50:48",60
78,"System log: event 78 - id 1cb3c3622d83bf91",Error,"2025-09-20 15:50:48",153
79,"System log: event 79 - id c767883978983d7e",Info,"2025-06-21 19:50:48",145
80,"System log: event 80 - id 6a633639f5d165f9",Error,"2025-09-17 04:50:48",57
81,"System log: event 81 - id b46824928fb19c2c",Error,"2025-03-27 02:50:48",64
82,"System log: event 82 - id 50dc3e10a59b58e5",Warning,"2025-09-09 06:50:48",22
83,"System log: event 83 - id 51f7f0be31ba44b7",Warning,"2025-07-23 15:50:48",52
84,"System log: event 84 - id 129d015be93c6657",Warning,"2025-11-08 04:50:48",12
85,"System log: event 85 - id 61333ceae7be3100",Warning,"2025-06-21 00:50:48",98
86,"System log: event 86 - id 4e94556964948e39",Warning,"2025-05-11 14:50:48",123
87,"System log: event 87 - id acda31f8aa8aa840",Error,"2025-04-08 01:50:48",22
88,"System log: event 88 - id 1d7fe53afcc5262e",Error,"2025-07-24 02:50:48",205
89,"System log: event 89 - id 93aad2319f8480d1",Error,"2025-08-09 01:50:48",170
90,"System log: event 90 - id 7b960d8196a813d9",Info,"2025-08-16 01:50:48",159
91,"System log: event 91 - id 139fd5394b598c1c",Info,"2025-08-25 08:50:48",191
92,"System log: event 92 - id 7ab20d9105dce324",Info,"2025-06-17 05:50:48",205
93,"System log: event 93 - id 41791d45c0bca0a9",Critical,"2025-10-11 00:50:48",82
94,"System log: event 94 - id 9143066ef6fdfe7a",Critical,"2025-07-04 01:50:48",200
95,"System log: event 95 - id fba76df628c01341",Warning,"2025-10-22 16:50:48",110
96,"System log: event 96 - id 1a99104d10efe259",Warning,"2025-07-13 07:50:48",25
97,"System log: event 97 - id 3eb0cd707f7c630e",Info,"2025-08-29 09:50:48",169
98,"System log: event 98 - id 360fe9ecd6e57034",Critical,"2025-08-30 18:50:48",58
99,"System log: event 99 - id 4107255636c4cbfb",Error,"2025-03-09 11:50:48",145
100,"System log: event 100 - id 94f38dd6597af349",Error,"2025-08-09 15:50:48",63
101,"System log: event 101 - id d96fb95606fa44e",Error,"2025-07-11 08:50:48",84
102,"System log: event 102 - id 95f0a5066a36c8a3",Info,"2025-08-16 23:50:48",213
103,"System log: event 103 - id 94f99cb8ef4b8e96",Info,"2025-10-24 21:50:48",169
104,"System log: event 104 - id 79250fefedded10b",Info,"2025-07-23 02:50:48",31
105,"System log: event 105 - id a9c983daef94ef36",Error,"2025-05-04 13:50:48",202
106,"System log: event 106 - id 31cb5294702d9b5f",Warning,"2025-09-02 09:50:48",65
107,"System log: event 107 - id b763edf588c0843b",Critical,"2025-04-16 18:50:48",125
108,"System log: event 108 - id b25da4865dec8db7",Critical,"2025-10-10 18:50:48",181
109,"System log: event 109 - id 44f2c66dd3f468ad",Critical,"2025-09-14 05:50:48",75
110,"System log: event 110 - id 83333873dcae52e5",Critical,"2025-06-15 16:50:48",147
111,"System log: event 111 - id 58fe8a8c46a8ecce",Warning,"2025-08-23 11:50:48",11
112,"System log: event 112 - id f7694926d181a646",Error,"2025-06-04 07:50:48",196
113,"System log: event 113 - id 6aa82bf2b8287de5",Error,"2025-06-04 00:50:48",22
114,"System log: event 114 - id c3cb50020ce337f2",Info,"2025-05-22 08:50:48",4
115,"System log: event 115 - id 7360a6d44a2af46",Warning,"2025-07-06 04:50:48",205
116,"System log: event 116 - id 37e0d8286d8d7bd0",Error,"2025-08-17 01:50:48",198
117,"System log: event 117 - id 96cd80549bd6409c",Info,"2025-11-10 19:50:48",7
118,"System log: event 118 - id fc71f8072990dce6",Warning,"2025-04-15 15:50:48",31
119,"System log: event 119 - id 894799080177fe2e",Info,"2025-11-06 23:50:48",154
120,"System log: event 120 - id a94216d1fe2b87ff",Error,"2025-11-08 01:50:48",79
121,"System log: event 121 - id 12efaeac652d9b1c",Warning,"2025-04-04 10:50:48",142
122,"System log: event 122 - id 96f8b66bc7f55e87",Warning,"2025-04-05 17:50:48",145
123,"System log: event 123 - id cdab37a062e1a680",Warning,"2025-03-07 16:50:48",31
124,"System log: event 124 - id 24d2dbb1876764ba",Error,"2025-03-25 14:50:48",4
125,"System log: event 125 - id 470cac5c57742376",Info,"2025-10-24 17:50:48",142
126,"System log: event 126 - id be297ffab682d80b",Warning,"2025-07-10 04:50:48",167
127,"System log: event 127 - id c11a8cd116fb426b",Warning,"2025-03-17 19:50:48",140
128,"System log: event 128 - id 5ae8b07d63c5cb48",Critical,"2025-06-07 19:50:48",23
129,"System log: event 129 - id 71fe34f4dcdf58a8",Error,"2025-05-06 12:50:48",13
130,"System log: event 130 - id d271f46d88102f19",Info,"2025-03-25 03:50:48",62
131,"System log: event 131 - id e407dc7e5c07cb5f",Critical,"2025-08-01 19:50:48",85
132,"System log: event 132 - id 187bfc7cfed01c64",Error,"2025-08-21 08:50:48",163
133,"System log: event 133 - id b2da9938da73bc8f",Info,"2025-06-18 21:50:48",190
134,"System log: event 134 - id 54e364ec93eb97ff",Error,"2025-06-05 13:50:48",22
135,"System log: event 135 - id 358e228efbf35b2e",Info,"2025-06-26 22:50:48",4
136,"System log: event 136 - id d1d35235eb0289dd",Critical,"2025-09-27 11:50:48",10
137,"System log: event 137 - id b24222246eccfb88",Info,"2025-06-04 18:50:48",44
138,"System log: event 138 - id 1625a7dc51e5cd8e",Critical,"2025-09-22 08:50:48",41
139,"System log: event 139 - id a7c8541f06c0b771",Info,"2025-09-06 23:50:48",63
140,"System log: event 140 - id 68ce560d40643c73",Critical,"2025-10-04 12:50:48",78
141,"System log: event 141 - id 1833fac94cba67e0",Error,"2025-04-30 04:50:48",154
142,"System log: event 142 - id d03f08866313c60",Info,"2025-07-05 11:50:48",195
143,"System log: event 143 - id 98f713a392c5e594",Info,"2025-07-17 01:50:48",80
144,"System log: event 144 - id 1f75cc47437a2a95",Warning,"2025-03-19 15:50:48",70
145,"System log: event 145 - id 6547959faa7e5f20",Error,"2025-09-30 15:50:48",164
146,"System log: event 146 - id 45f8998de6904107",Error,"2025-10-05 23:50:48",110
147,"System log: event 147 - id 31afe1932324e58e",Info,"2025-03-08 14:50:48",93
148,"System log: event 148 - id 8aace3d35e34f6d6",Warning,"2025-05-15 12:50:48",116
149,"System log: event 149 - id bf54eecf3d6d589c",Info,"2025-06-22 19:50:48",213
150,"System log: event 150 - id df826cc05f76fad9",Info,"2025-03-07 03:50:48",124
151,"System log: event 151 - id d331fe4da96d0d26",Error,"2025-03-27 20:50:48",108
152,"System log: event 152 - id efe8b26a302601b5",Error,"2025-07-16 06:50:48",181
153,"System log: event 153 - id f9da75545f60f59a",Warning,"2025-08-11 18:50:48",214
154,"System log: event 154 - id b6b8d268221f26ff",Critical,"2025-10-02 10:50:48",74
155,"System log: event 155 - id fed0f20d0215f461",Info,"2025-09-20 06:50:48",84
156,"System log: event 156 - id 44fcf596157ace69",Error,"2025-07-31 19:50:48",105
157,"System log: event 157 - id b1df6b0d4ce4533f",Error,"2025-04-11 22:50:48",57
158,"System log: event 158 - id fb001e1f5bb98546",Critical,"2025-10-01 18:50:48",128
159,"System log: event 159 - id e3e3352b1aca4da4",Info,"2025-10-02 23:50:48",174
160,"System log: event 160 - id 3d8bd52d3dc2c75c",Critical,"2025-10-29 08:50:48",60
161,"System log: event 161 - id 9b77220f5de6c1a0",Error,"2025-06-18 19:50:48",102
162,"System log: event 162 - id 81386180315ace9",Critical,"2025-04-04 13:50:48",28
163,"System log: event 163 - id 40960c33f8f7548d",Error,"2025-08-08 04:50:48",160
164,"System log: event 164 - id 5e8e2be0d33584ff",Info,"2025-10-22 04:50:48",127
165,"System log: event 165 - id d6fe591569ac2db2",Info,"2025-10-31 03:50:48",208
166,"System log: event 166 - id 7c8d056c3156e1b4",Warning,"2025-09-10 15:50:48",191
167,"System log: event 167 - id 96e693ed93c4b672",Error,"2025-07-27 13:50:48",83
168,"System log: event 168 - id 2c8612ea3127132",Info,"2025-10-18 09:50:48",163
169,"System log: event 169 - id f3071d8c131bfda1",Critical,"2025-03-20 13:50:48",140
170,"System log: event 170 - id 2a89aa0c4ce27ca2",Error,"2025-05-01 00:50:48",27
171,"System log: event 171 - id 606e40bc224ae297",Critical,"2025-10-01 14:50:48",77
172,"System log: event 172 - id e306b7238ac7f615",Critical,"2025-06-26 00:50:48",20
173,"System log: event 173 - id 30b0ff3a1b58bf62",Critical,"2025-08-17 18:50:48",156
174,"System log: event 174 - id b1f1e29a6a6ed2c3",Warning,"2025-05-25 11:50:48",191
175,"System log: event 175 - id e74ab1ca5853ea2f",Critical,"2025-09-05 04:50:48",113
176,"System log: event 176 - id 42e773dddaed2ccb",Info,"2025-08-27 17:50:48",143
177,"System log: event 177 - id dca809f624366be8",Info,"2025-05-08 21:50:48",47
178,"System log: event 178 - id 68e51db44c1021f2",Warning,"2025-09-26 22:50:48",126
179,"System log: event 179 - id e2a5652235232880",Critical,"2025-07-27 04:50:48",190
180,"System log: event 180 - id aad6519030c323e",Critical,"2025-11-10 19:50:48",152
181,"System log: event 181 - id a10a9b372e62e4dd",Critical,"2025-11-10 07:50:48",20
182,"System log: event 182 - id 4e476021115b6639",Info,"2025-10-21 16:50:48",59
183,"System log: event 183 - id bfbeb4954c6dfca0",Error,"2025-09-27 13:50:48",31
184,"System log: event 184 - id 14a3c6c0fb1efff5",Info,"2025-08-12 11:50:48",145
185,"System log: event 185 - id 4952701318ace2fe",Critical,"2025-04-04 08:50:48",45
186,"System log: event 186 - id fad53581e80649df",Info,"2025-09-16 20:50:48",100
187,"System log: event 187 - id 49bada5bdc27cab9",Info,"2025-10-28 13:50:48",114
188,"System log: event 188 - id c5f0bfca4ec012c8",Info,"2025-04-23 07:50:48",191
189,"System log: event 189 - id e30d7b58875b89c5",Critical,"2025-10-09 17:50:48",154
190,"System log: event 190 - id 2d940627badf448d",Critical,"2025-03-11 09:50:48",146
191,"System log: event 191 - id e4ab9d91e8edc8b",Error,"2025-04-26 06:50:48",17
192,"System log: event 192 - id b66fc79330ffc84e",Critical,"2025-03-29 21:50:48",30
193,"System log: event 193 - id ca22c2f07b58dfc8",Critical,"2025-10-07 03:50:48",137
194,"System log: event 194 - id 5c5d6a45fb1e9f87",Warning,"2025-08-31 15:50:48",86
195,"System log: event 195 - id 38f26b50dae653d3",Critical,"2025-06-02 06:50:48",217
196,"System log: event 196 - id 7e957e5ef239bccb",Warning,"2025-04-12 01:50:48",40
197,"System log: event 197 - id e943073eddbef6fd",Critical,"2025-03-07 15:50:48",79
198,"System log: event 198 - id 1783954c54b8ab9d",Warning,"2025-10-03 13:50:48",215
199,"System log: event 199 - id 13d874389d2fcafc",Info,"2025-08-02 01:50:48",83
200,"System log: event 200 - id 8e85fb99221e123c",Error,"2025-11-10 22:50:48",118
201,"System log: event 201 - id 7822d3a881ef0239",Warning,"2025-05-14 01:50:48",182
202,"System log: event 202 - id 6e8e4df5795dcfb2",Critical,"2025-07-27 19:50:48",29
203,"System log: event 203 - id a1a0b1a5771deb",Error,"2025-08-15 00:50:48",46
204,"System log: event 204 - id 5a06ff2adc845697",Warning,"2025-08-13 20:50:48",203
205,"System log: event 205 - id 8ae34a1d5ae9cac",Critical,"2025-09-25 02:50:48",195
206,"System log: event 206 - id 6beed321d260ec2",Error,"2025-06-16 22:50:48",153
207,"System log: event 207 - id b472b6976f579bdb",Info,"2025-06-12 09:50:48",191
208,"System log: event 208 - id e32eb8b97ef17729",Warning,"2025-08-17 12:50:48",62
209,"System log: event 209 - id d1b370f1be16b4f6",Info,"2025-04-03 16:50:48",159
210,"System log: event 210 - id b52f2e0d72f625c8",Warning,"2025-09-07 02:50:48",177
211,"System log: event 211 - id 4de55b0fa787a0c5",Info,"2025-08-09 07:50:48",129
212,"System log: event 212 - id bca85045a2c30a4d",Critical,"2025-03-22 14:50:48",28
213,"System log: event 213 - id 60be1495839e2e1e",Info,"2025-06-25 04:50:48",139
214,"System log: event 214 - id e345c3c187cd848f",Error,"2025-09-18 14:50:48",19
215,"System log: event 215 - id ceb2f0af7ab98c20",Critical,"2025-04-22 17:50:48",105
216,"System log: event 216 - id 40f2b79034c1795d",Critical,"2025-03-12 07:50:48",93
217,"System log: event 217 - id 151c6f827f676963",Warning,"2025-08-14 02:50:48",195
218,"System log: event 218 - id d24caca11a3db097",Info,"2025-03-21 14:50:48",24
219,"System log: event 219 - id 64a93b0887e75d6c",Error,"2025-07-28 00:50:48",68
220,"System log: event 220 - id bb60a9bb9c9a4260",Warning,"2025-07-29 05:50:48",25
221,"System log: event 221 - id 1261ca0d84d87bda",Warning,"2025-04-13 01:50:48",193
222,"System log: event 222 - id d4f73bd4e8dd45ca",Critical,"2025-07-09 17:50:48",62
223,"System log: event 223 - id 74443037ca09a045",Critical,"2025-09-02 17:50:48",194
224,"System log: event 224 - id a2f041a80335485",Warning,"2025-10-20 19:50:48",32
225,"System log: event 225 - id dc5c436095b5a125",Info,"2025-05-06 02:50:48",123
226,"System log: event 226 - id ad8a02f084a06b7c",Critical,"2025-10-04 22:50:48",118
227,"System log: event 227 - id 140a18dcce54a3e4",Warning,"2025-05-19 22:50:48",103
228,"System log: event 228 - id 6aa06562cef9d02d",Critical,"2025-06-17 19:50:48",77
229,"System log: event 229 - id bc620d97ca8312b9",Info,"2025-07-12 12:50:48",210
230,"System log: event 230 - id 5ad6fea3513647f9",Critical,"2025-03-12 00:50:48",113
231,"System log: event 231 - id 422e2166df6fc780",Critical,"2025-03-15 11:50:48",48
232,"System log: event 232 - id b496833b071c9879",Error,"2025-06-02 14:50:48",74
233,"System log: event 233 - id 31c74fdddee0ff4b",Info,"2025-10-06 00:50:48",198
234,"System log: event 234 - id 7b2d77716ab4ef69",Warning,"2025-08-01 20:50:48",175
235,"System log: event 235 - id d317a9d67d03cd88",Error,"2025-04-25 10:50:48",132
236,"System log: event 236 - id 3c787d95b50fce27",Info,"2025-10-28 18:50:48",157
237,"System log: event 237 - id e264704aeefff775",Critical,"2025-07-17 10:50:48",196
238,"System log: event 238 - id c891103dd9e5813d",Error,"2025-11-11 03:50:48",4
239,"System log: event 239 - id d997610081adff0c",Critical,"2025-05-19 18:50:48",89
240,"System log: event 240 - id 2e162ede6a8c9e96",Warning,"2025-08-23 21:50:48",79
241,"System log: event 241 - id ecff21afffd8ffd",Info,"2025-10-14 23:50:48",182
242,"System log: event 242 - id 3a2af4a543e5497",Critical,"2025-03-15 13:50:48",162
243,"System log: event 243 - id ba8a4579a35a6de4",Critical,"2025-05-05 13:50:48",99
244,"System log: event 244 - id 5062c8deb58acffc",Error,"2025-08-03 19:50:48",134
245,"System log: event 245 - id 42769edae79dce5f",Warning,"2025-06-12 07:50:48",194
246,"System log: event 246 - id ac92fcc403c24323",Info,"2025-10-14 17:50:48",164
247,"System log: event 247 - id f63b511fc127d5cc",Warning,"2025-10-01 04:50:48",102
248,"System log: event 248 - id 40b77e2e3758c6f6",Info,"2025-08-19 08:50:48",5
249,"System log: event 249 - id f1afe8f98d3b6daa",Error,"2025-03-12 15:50:48",147
250,"System log: event 250 - id be43ef6965369d78",Critical,"2025-08-12 08:50:48",61
251,"System log: event 251 - id 65bb7eb472785845",Warning,"2025-09-03 04:50:48",190
252,"System log: event 252 - id 634fe22363cbc421",Error,"2025-04-04 02:50:48",175
253,"System log: event 253 - id 553df6e02cc57d84",Info,"2025-04-22 11:50:48",160
254,"System log: event 254 - id 47d3334f50aa83dd",Error,"2025-06-28 14:50:48",132
255,"System log: event 255 - id 1c7e8362fed3912a",Critical,"2025-05-08 10:50:48",126
256,"System log: event 256 - id 3a35f4d5d8ce32f1",Error,"2025-03-13 01:50:48",196
257,"System log: event 257 - id 49c8c8f72d2971d6",Critical,"2025-06-15 19:50:48",19
258,"System log: event 258 - id 102865503e64561d",Error,"2025-04-14 14:50:48",101
259,"System log: event 259 - id 1fb964b9dabba238",Info,"2025-10-20 15:50:48",30
260,"System log: event 260 - id 9c7a6544ec5a0b70",Critical,"2025-04-13 13:50:48",114
261,"System log: event 261 - id a0ba2687dbef126d",Error,"2025-05-03 19:50:48",56
262,"System log: event 262 - id 5b3adfb563e65cb8",Warning,"2025-09-09 20:50:48",124
263,"System log: event 263 - id 57841a330c02198d",Error,"2025-05-04 14:50:48",196
264,"System log: event 264 - id 7f32d29a9699e17d",Info,"2025-03-18 01:50:48",208
265,"System log: event 265 - id c1da185705403e8",Info,"2025-06-26 21:50:48",90
266,"System log: event 266 - id 590201be7190c2d9",Error,"2025-03-25 13:50:48",103
267,"System log: event 267 - id e10e304bcf013013",Info,"2025-06-24 13:50:48",117
268,"System log: event 268 - id 90e23790d630e319",Error,"2025-09-26 04:50:48",94
269,"System log: event 269 - id a90c94f80aef613b",Critical,"2025-08-17 11:50:48",57
270,"System log: event 270 - id 6ea3f36fe8908bcf",Warning,"2025-03-27 09:50:48",34
271,"System log: event 271 - id 2c9d2d5b90421231",Critical,"2025-11-03 13:50:48",213
272,"System log: event 272 - id 2c393d7ca5fc5474",Warning,"2025-05-24 03:50:48",202
273,"System log: event 273 - id d850e437aa11c5ad",Critical,"2025-06-17 21:50:48",150
274,"System log: event 274 - id bbb62a50556479ef",Warning,"2025-10-15 14:50:48",211
275,"System log: event 275 - id eb8415b739a316ee",Critical,"2025-03-13 00:50:48",129
276,"System log: event 276 - id 7f045c670d8cd072",Error,"2025-04-04 00:50:48",91
277,"System log: event 277 - id 9642a93032e3aa0c",Error,"2025-08-05 19:50:48",125
278,"System log: event 278 - id 921bb1612217078d",Info,"2025-09-14 21:50:48",216
279,"System log: event 279 - id a894453b88ec5c17",Error,"2025-07-13 04:50:48",184
280,"System log: event 280 - id c1ba4733086f34ef",Warning,"2025-04-29 07:50:48",180
281,"System log: event 281 - id 1f47541fd071ceed",Error,"2025-10-24 22:50:48",219
282,"System log: event 282 - id caebc37b1619853e",Info,"2025-11-07 03:50:48",146
283,"System log: event 283 - id adf8832c05041977",Info,"2025-08-07 00:50:48",1
284,"System log: event 284 - id 75ae8192d16be58",Critical,"2025-06-22 11:50:48",195
285,"System log: event 285 - id 9c40b9be442bd3fd",Critical,"2025-05-18 09:50:48",90
286,"System log: event 286 - id 8230f34c194b4d76",Warning,"2025-07-28 17:50:48",65
287,"System log: event 287 - id 939b9d2e465d1d48",Error,"2025-07-23 15:50:48",32
288,"System log: event 288 - id c1af6bbcbd1b45e0",Info,"2025-05-28 07:50:48",10
289,"System log: event 289 - id 36840763da2fb86d",Critical,"2025-05-07 01:50:48",166
290,"System log: event 290 - id a0aac56a8ab4d6a1",Critical,"2025-04-05 23:50:48",198
291,"System log: event 291 - id 3b1bf884ef71cb5",Warning,"2025-04-26 08:50:48",17
292,"System log: event 292 - id fa7b153694912b2a",Error,"2025-07-27 00:50:48",51
293,"System log: event 293 - id f3dfb8b302b426e2",Info,"2025-09-15 19:50:48",134
294,"System log: event 294 - id d5b72f2bd8fa770",Warning,"2025-10-13 13:50:48",68
295,"System log: event 295 - id f444cec006637fc3",Warning,"2025-09-15 20:50:48",127
296,"System log: event 296 - id 29c2dfff35d2958d",Info,"2025-09-28 06:50:48",89
297,"System log: event 297 - id 6bd0acc383db7a83",Info,"2025-08-08 15:50:48",32
298,"System log: event 298 - id 9514f8a21263680b",Error,"2025-07-09 18:50:48",186
299,"System log: event 299 - id bc432ea0dfcb649d",Critical,"2025-09-24 12:50:48",152
300,"System log: event 300 - id 2d9dcfca30dbad1c",Critical,"2025-05-03 11:50:48",177
301,"System log: event 301 - id b7ca16334c6364dc",Warning,"2025-07-25 06:50:48",105
302,"System log: event 302 - id a9c6b2c60e533ea",Critical,"2025-03-23 02:50:48",5
303,"System log: event 303 - id e6550bd9f6e1ddfd",Error,"2025-05-07 04:50:48",71
304,"System log: event 304 - id b65763611968f054",Error,"2025-04-12 17:50:48",100
305,"System log: event 305 - id 240a2c92264ae2c4",Error,"2025-11-06 11:50:48",19
306,"System log: event 306 - id c53eb399eef38c10",Info,"2025-07-29 03:50:48",187
307,"System log: event 307 - id 7ebb6715995e639e",Error,"2025-07-15 16:50:48",207
308,"System log: event 308 - id c0be71dbbc5f6c0",Critical,"2025-05-25 18:50:48",133
309,"System log: event 309 - id a54f2b5af81b3c46",Error,"2025-11-08 18:50:48",30
310,"System log: event 310 - id 25ce4461f54010a",Critical,"2025-10-10 22:50:48",34
311,"System log: event 311 - id 42506dd3ebe299d1",Critical,"2025-07-02 22:50:48",73
312,"System log: event 312 - id b1112fc3787d4660",Warning,"2025-08-26 06:50:48",106
313,"System log: event 313 - id 80ebb5d944127c93",Info,"2025-03-30 00:50:48",199
314,"System log: event 314 - id 19f49b418eadf49d",Critical,"2025-04-09 21:50:48",115
315,"System log: event 315 - id b95718557babe0c6",Info,"2025-04-12 04:50:48",193
316,"System log: event 316 - id 7f9adf0deca05921",Critical,"2025-05-12 19:50:48",189
317,"System log: event 317 - id c7c27eb68f14cf1d",Error,"2025-09-02 16:50:48",215
318,"System log: event 318 - id 739f74ab0580354b",Error,"2025-08-16 17:50:48",65
319,"System log: event 319 - id 4e05674b36d88faa",Info,"2025-09-12 08:50:48",33
320,"System log: event 320 - id 5ef316c8e34fb323",Critical,"2025-03-07 21:50:48",203
321,"System log: event 321 - id c59075a16d9fe924",Critical,"2025-06-16 14:50:48",144
322,"System log: event 322 - id 887e65f976d71d38",Warning,"2025-04-17 09:50:48",197
323,"System log: event 323 - id a13d74c74197504e",Info,"2025-09-06 05:50:48",44
324,"System log: event 324 - id 1020e9310b99fbce",Error,"2025-09-28 07:50:48",25
325,"System log: event 325 - id c63e6644a60a6e45",Critical,"2025-05-02 12:50:48",167
326,"System log: event 326 - id a1f5af95f696a14a",Critical,"2025-03-19 22:50:48",62
327,"System log: event 327 - id bb756086edc887a1",Error,"2025-10-20 03:50:48",59
328,"System log: event 328 - id edb5d2417911e51e",Error,"2025-08-17 06:50:48",103
329,"System log: event 329 - id fbe95e30e766c0e2",Error,"2025-05-13 19:50:48",36
330,"System log: event 330 - id f09a5fafb25ba07",Critical,"2025-10-23 17:50:48",87
331,"System log: event 331 - id eb268fd0096a7ac2",Error,"2025-10-09 20:50:48",202
332,"System log: event 332 - id b2dbb79621c0644e",Critical,"2025-05-28 23:50:48",175
333,"System log: event 333 - id 8591cd6db157613e",Error,"2025-08-02 14:50:48",3
334,"System log: event 334 - id bbd3af6fe8dbeafd",Info,"2025-10-22 02:50:48",92
335,"System log: event 335 - id cff084f8ab9afe26",Info,"2025-06-14 08:50:48",113
336,"System log: event 336 - id c9ecfc738ba3a00",Warning,"2025-08-23 06:50:48",75
337,"System log: event 337 - id 2449b7abd3976e72",Error,"2025-09-30 18:50:48",134
338,"System log: event 338 - id eb4862063cfa610e",Critical,"2025-04-16 01:50:48",210
339,"System log: event 339 - id f38554e3ad0a21b9",Critical,"2025-08-19 01:50:48",35
340,"System log: event 340 - id e6bb24f1481a7ce6",Info,"2025-10-07 15:50:48",106
341,"System log: event 341 - id 8a1768b2a4ceb4f7",Info,"2025-11-04 08:50:48",158
342,"System log: event 342 - id c8d5ce62e700f8ab",Critical,"2025-07-30 07:50:48",83
343,"System log: event 343 - id f3543ffe57c76bc5",Critical,"2025-07-17 18:50:48",182
344,"System log: event 344 - id a5493ed1ddeac79a",Error,"2025-06-21 09:50:48",215
345,"System log: event 345 - id a2b0f33d692d0175",Critical,"2025-09-05 20:50:48",157
346,"System log: event 346 - id be849eb896daff3b",Error,"2025-04-28 18:50:48",6
347,"System log: event 347 - id fc6f212645588c81",Info,"2025-08-08 13:50:48",71
348,"System log: event 348 - id de0d3a61d4a734e4",Warning,"2025-04-06 03:50:48",18
349,"System log: event 349 - id af45c75d9e346a61",Error,"2025-08-29 13:50:48",215
350,"System log: event 350 - id 7c9c5915c2dd776",Warning,"2025-08-31 22:50:48",141
351,"System log: event 351 - id b726e8953b8580a6",Warning,"2025-08-17 04:50:48",110
352,"System log: event 352 - id f9f924f4778ec6ca",Critical,"2025-09-08 05:50:48",199
353,"System log: event 353 - id 1029c90adcc0f8f",Error,"2025-06-05 00:50:48",132
354,"System log: event 354 - id 53073eef7b72b227",Error,"2025-10-13 03:50:48",58
355,"System log: event 355 - id b926974c8aedb128",Info,"2025-09-15 17:50:48",22
356,"System log: event 356 - id f50060cbc4f9743e",Critical,"2025-06-09 07:50:48",146
357,"System log: event 357 - id e57af1a7eed5618f",Error,"2025-05-10 02:50:48",104
358,"System log: event 358 - id 223c105b33038835",Warning,"2025-09-19 10:50:48",139
359,"System log: event 359 - id c869aecf833e3d33",Critical,"2025-10-17 18:50:48",142
360,"System log: event 360 - id 59ba2a1a9275089c",Info,"2025-10-02 13:50:48",169
361,"System log: event 361 - id f5af22d68e797738",Error,"2025-10-14 17:50:48",25
362,"System log: event 362 - id 4e2131f3a9c3c4a5",Error,"2025-05-29 03:50:48",30
363,"System log: event 363 - id 6ace35d46eba1103",Warning,"2025-05-04 18:50:48",213
364,"System log: event 364 - id 4ee13430cec2aab1",Info,"2025-08-30 23:50:48",129
365,"System log: event 365 - id 6cf4563118a91608",Warning,"2025-08-18 09:50:48",181
366,"System log: event 366 - id 82d34f489a586c83",Info,"2025-05-22 05:50:48",209
367,"System log: event 367 - id 432424746349ff3b",Critical,"2025-03-26 10:50:48",36
368,"System log: event 368 - id b393e56f49c06e66",Info,"2025-06-14 00:50:48",34
369,"System log: event 369 - id b8d3244f532bc4bb",Info,"2025-10-08 09:50:48",113
370,"System log: event 370 - id 570e1da4f812c190",Error,"2025-09-18 07:50:48",184
371,"System log: event 371 - id a18cee6e424c7ef8",Warning,"2025-07-29 17:50:48",117
372,"System log: event 372 - id 508571074f75b386",Warning,"2025-09-03 18:50:48",220
373,"System log: event 373 - id 7f3b6cd3fe57bc77",Critical,"2025-10-27 17:50:48",194
374,"System log: event 374 - id 8287e3d2b978e614",Warning,"2025-06-10 09:50:48",44
375,"System log: event 375 - id fb02bbd0f79a6f89",Info,"2025-05-10 17:50:48",159
376,"System log: event 376 - id 383c80199a260c3",Info,"2025-05-25 02:50:48",146
377,"System log: event 377 - id 18a4c6d2287f3daa",Info,"2025-04-04 07:50:48",208
378,"System log: event 378 - id 80e651e4f68f1526",Error,"2025-07-24 22:50:48",167
379,"System log: event 379 - id e538825fb1f37309",Error,"2025-05-29 17:50:48",198
380,"System log: event 380 - id 69fac682b06b9884",Info,"2025-04-11 01:50:48",94
381,"System log: event 381 - id c537c97427db5048",Info,"2025-03-23 14:50:48",61
382,"System log: event 382 - id 397641754d0f84f6",Info,"2025-10-13 10:50:48",119
383,"System log: event 383 - id 102e32c2b8fae631",Error,"2025-07-06 20:50:48",218
384,"System log: event 384 - id a4583a128dcea9fe",Critical,"2025-03-22 08:50:48",109
385,"System log: event 385 - id d8c19d3566373280",Warning,"2025-06-24 07:50:48",35
386,"System log: event 386 - id 65e9c4c65e35b8c9",Warning,"2025-05-01 04:50:48",189
387,"System log: event 387 - id cce0c3851944c0b2",Critical,"2025-03-23 03:50:48",169
388,"System log: event 388 - id ab17713175b5e143",Info,"2025-09-27 08:50:48",185
389,"System log: event 389 - id 7ca2b380e3a39278",Warning,"2025-05-03 21:50:48",70
390,"System log: event 390 - id fc0528b93c67d09c",Warning,"2025-08-28 23:50:48",190
391,"System log: event 391 - id a1621ab39bd6b241",Critical,"2025-06-20 22:50:48",52
392,"System log: event 392 - id a8af89ee50960119",Error,"2025-08-20 14:50:48",66
393,"System log: event 393 - id 23acadeeb61ee1e5",Critical,"2025-10-03 10:50:48",188
394,"System log: event 394 - id c1aed704a2162df1",Info,"2025-08-30 16:50:48",217
395,"System log: event 395 - id d28af02b385b677f",Warning,"2025-11-08 12:50:48",143
396,"System log: event 396 - id 65e1c0d392a98eed",Info,"2025-06-17 01:50:48",64
397,"System log: event 397 - id 47e2e05f1af22580",Info,"2025-04-04 12:50:48",22
398,"System log: event 398 - id f7bef8bb7616936a",Critical,"2025-06-07 13:50:48",96
399,"System log: event 399 - id 5ad375a15614c527",Critical,"2025-10-15 04:50:48",33
400,"System log: event 400 - id e63869ffce7f3a20",Info,"2025-07-12 06:50:48",86
401,"System log: event 401 - id d8e5b79cca3e3dfa",Info,"2025-10-18 12:50:48",131
402,"System log: event 402 - id 80fc39fdefece79d",Warning,"2025-04-26 06:50:48",117
403,"System log: event 403 - id 5ad3b341598047fd",Error,"2025-08-08 15:50:48",99
404,"System log: event 404 - id ab41233904ad3100",Info,"2025-04-28 17:50:48",40
405,"System log: event 405 - id b9a16b32e2b5bf2",Error,"2025-10-21 03:50:48",217
406,"System log: event 406 - id 74f7656cc72f89fd",Error,"2025-05-06 17:50:48",117
407,"System log: event 407 - id 35aa4256e1966fad",Error,"2025-10-02 07:50:48",207
408,"System log: event 408 - id 2ff5cbb616ad81a0",Critical,"2025-07-13 20:50:48",111
409,"System log: event 409 - id cc8032a1fd79b3cd",Critical,"2025-09-03 02:50:48",178
410,"System log: event 410 - id 491b3e4f398dbac2",Warning,"2025-10-29 22:50:48",61
411,"System log: event 411 - id 29b4804019563426",Critical,"2025-06-13 06:50:48",218
412,"System log: event 412 - id d1f2f7719420019f",Critical,"2025-04-21 00:50:48",131
413,"System log: event 413 - id 59c60d205cbc71bc",Error,"2025-09-17 10:50:48",64
414,"System log: event 414 - id 95c255d209ad3027",Warning,"2025-06-02 01:50:48",110
415,"System log: event 415 - id 186b4c5678371082",Warning,"2025-05-29 13:50:48",98
416,"System log: event 416 - id aad13aabcfe9050",Error,"2025-05-04 01:50:48",131
417,"System log: event 417 - id e46427663a7755e8",Info,"2025-04-06 19:50:48",157
418,"System log: event 418 - id d030dc81ca474402",Error,"2025-09-25 16:50:48",47
419,"System log: event 419 - id a8432270497d371e",Warning,"2025-06-18 07:50:48",105
420,"System log: event 420 - id 68cae6065a763805",Warning,"2025-05-12 00:50:48",141
421,"System log: event 421 - id ebbd0f58c70d75a",Warning,"2025-09-01 04:50:48",53
422,"System log: event 422 - id 2eb90325a9fa3bdc",Error,"2025-09-29 07:50:48",9
423,"System log: event 423 - id 4e8e329da4b07cdd",Error,"2025-04-13 00:50:48",101
424,"System log: event 424 - id 5012fb7759410734",Warning,"2025-07-22 07:50:48",73
425,"System log: event 425 - id 940cbc22b4725be6",Error,"2025-04-21 13:50:48",80
426,"System log: event 426 - id 1f304f8ae8a8c641",Error,"2025-10-10 04:50:48",7
427,"System log: event 427 - id 47d625f23b947b51",Info,"2025-06-16 21:50:48",31
428,"System log: event 428 - id 4b79f6ca7b595696",Warning,"2025-06-28 10:50:48",66
429,"System log: event 429 - id 583be3931badf0ff",Warning,"2025-03-13 03:50:48",103
430,"System log: event 430 - id 54ca7a015bcd968e",Info,"2025-09-14 12:50:48",94
431,"System log: event 431 - id df9a7d05c4ffee29",Critical,"2025-03-28 14:50:48",93
432,"System log: event 432 - id dd7360bf6619c532",Error,"2025-08-08 20:50:48",109
433,"System log: event 433 - id 642acfc972ada445",Critical,"2025-09-23 05:50:48",71
434,"System log: event 434 - id b1c650105d593bef",Info,"2025-07-23 05:50:48",5
435,"System log: event 435 - id a395ef9bd61b1550",Warning,"2025-04-10 07:50:48",71
436,"System log: event 436 - id 8d90ca26812a7c7f",Info,"2025-03-15 17:50:48",102
437,"System log: event 437 - id a505550813fa6d2c",Critical,"2025-08-02 19:50:48",166
438,"System log: event 438 - id 7a22e46e1c16a53c",Critical,"2025-06-04 00:50:48",101
439,"System log: event 439 - id 5ee3d3e2a2d0260c",Warning,"2025-09-18 18:50:48",212
440,"System log: event 440 - id 70b359b0cd5cb1be",Error,"2025-07-23 19:50:48",185
441,"System log: event 441 - id e8e42be9f29c964e",Warning,"2025-08-09 02:50:48",32
442,"System log: event 442 - id b4b686c77a2d2bce",Critical,"2025-10-28 09:50:48",40
443,"System log: event 443 - id e1bea5589587f04",Warning,"2025-07-01 21:50:48",105
444,"System log: event 444 - id 9633266b809d6db1",Info,"2025-09-21 22:50:48",65
445,"System log: event 445 - id 5f39fbc878494a05",Error,"2025-06-04 11:50:48",64
446,"System log: event 446 - id 9a52bef61995d04",Info,"2025-10-16 16:50:48",7
447,"System log: event 447 - id 8d59aee4cb87c2cb",Critical,"2025-09-02 21:50:48",1
448,"System log: event 448 - id 1199b3e045c41e7c",Error,"2025-06-19 15:50:48",217
449,"System log: event 449 - id 6614661217e3be79",Warning,"2025-05-07 10:50:48",189
450,"System log: event 450 - id b7995ed5e252616e",Error,"2025-11-04 01:50:48",100
451,"System log: event 451 - id 3733c39c2cb53132",Info,"2025-06-06 13:50:48",64
452,"System log: event 452 - id 795b33c1e9b91689",Info,"2025-05-16 00:50:48",58
453,"System log: event 453 - id 48109d57cedeb11a",Info,"2025-04-13 15:50:48",120
454,"System log: event 454 - id bf6337a66c12c24d",Warning,"2025-09-24 22:50:48",97
455,"System log: event 455 - id 99e6d17d5c2e5eb",Info,"2025-09-08 02:50:48",108
456,"System log: event 456 - id 2d790f2465c0dbc",Info,"2025-11-07 13:50:48",17
457,"System log: event 457 - id 5a27dbca28d58cbd",Critical,"2025-06-21 02:50:48",92
458,"System log: event 458 - id 2dd7dea81ac71604",Critical,"2025-07-13 04:50:48",12
459,"System log: event 459 - id 815a003bae803a5b",Info,"2025-05-12 00:50:48",169
460,"System log: event 460 - id 7bfe139c67ccf4e0",Error,"2025-10-24 18:50:48",10
461,"System log: event 461 - id 58b4cc4290a350ad",Critical,"2025-08-13 13:50:48",139
462,"System log: event 462 - id f4d4fad8fb4ac79c",Warning,"2025-08-07 11:50:48",80
463,"System log: event 463 - id 85ad3adeb0a0e5a3",Error,"2025-07-14 11:50:48",106
464,"System log: event 464 - id b46b6f854b1d5054",Critical,"2025-04-08 05:50:48",75
465,"System log: event 465 - id ed2725bcf0180c5",Info,"2025-08-06 16:50:48",108
466,"System log: event 466 - id f5c47f747e3cbcea",Error,"2025-05-14 16:50:48",8
467,"System log: event 467 - id 7ad21c3617062ed6",Critical,"2025-08-04 08:50:48",23
468,"System log: event 468 - id 8861901e0ed14f9a",Error,"2025-10-19 09:50:48",13
469,"System log: event 469 - id b8ea28327a86059f",Critical,"2025-08-01 21:50:48",156
470,"System log: event 470 - id b2e37d0fc673bd20",Warning,"2025-06-12 12:50:48",27
471,"System log: event 471 - id fa34ec0c7fe545b8",Error,"2025-06-19 06:50:48",192
472,"System log: event 472 - id 83f624023c77fe19",Error,"2025-09-21 03:50:48",156
473,"System log: event 473 - id e81c416e52b5fb67",Critical,"2025-05-20 09:50:48",189
474,"System log: event 474 - id ee36873b513b7d7a",Info,"2025-08-07 13:50:48",128
475,"System log: event 475 - id 5c36049d40b5e68a",Warning,"2025-07-01 01:50:48",185
476,"System log: event 476 - id 9166fdfc06b6ba28",Info,"2025-05-14 03:50:48",8
477,"System log: event 477 - id b10673e4e4c5f0b9",Warning,"2025-08-27 23:50:48",81
478,"System log: event 478 - id 3fb5a942a5053f22",Warning,"2025-06-27 03:50:48",36
479,"System log: event 479 - id d8a45fbb6e222ec6",Warning,"2025-08-18 17:50:48",43
480,"System log: event 480 - id 6e1ccab8613a6b17",Critical,"2025-03-15 06:50:48",60
481,"System log: event 481 - id a6fce7f09a9008de",Info,"2025-04-17 11:50:48",163
482,"System log: event 482 - id ea8ca0419d5eb25f",Info,"2025-09-27 20:50:48",202
483,"System log: event 483 - id f3b6f3902da6d2e5",Info,"2025-09-30 16:50:48",128
484,"System log: event 484 - id c02f80ba3a7ecc7c",Error,"2025-03-08 17:50:48",63
485,"System log: event 485 - id e31812d65438daf9",Warning,"2025-09-27 17:50:48",104
486,"System log: event 486 - id d5c9d2d755448e9",Critical,"2025-07-10 08:50:48",125
487,"System log: event 487 - id 8f8925cde1bdc641",Error,"2025-11-02 15:50:48",88
488,"System log: event 488 - id feac1822893e165d",Warning,"2025-03-20 11:50:48",89
489,"System log: event 489 - id f4f8fbe2dd2ca866",Info,"2025-05-21 15:50:48",109
490,"System log: event 490 - id 7477ecb317f4ea39",Error,"2025-09-06 17:50:48",108
491,"System log: event 491 - id 2e5fe9c07cb5ad13",Error,"2025-05-01 15:50:48",122
492,"System log: event 492 - id 7337ade0524fd94c",Info,"2025-06-19 16:50:48",157
493,"System log: event 493 - id 5feb1622f2c9d310",Info,"2025-10-13 08:50:48",24
494,"System log: event 494 - id 181fd2f9d6003350",Critical,"2025-10-30 16:50:48",48
495,"System log: event 495 - id 4dbc6c42e376207",Warning,"2025-09-25 00:50:48",59
496,"System log: event 496 - id b81b01b21b618b45",Critical,"2025-05-04 23:50:48",60
497,"System log: event 497 - id f966fab4493beeed",Info,"2025-05-08 01:50:48",83
498,"System log: event 498 - id 21108e3e924ee886",Info,"2025-07-21 14:50:48",156
499,"System log: event 499 - id 9d6d0a35a1b38426",Warning,"2025-07-11 10:50:48",69
500,"System log: event 500 - id 94ed036dc133771a",Info,"2025-07-27 09:50:48",174
501,"System log: event 501 - id 98e5db9f8038ec3a",Critical,"2025-08-19 19:50:48",86
502,"System log: event 502 - id 82fc7222da5ab111",Critical,"2025-08-21 00:50:48",99
503,"System log: event 503 - id 98672b0df7573b89",Error,"2025-04-05 07:50:48",141
504,"System log: event 504 - id 94e6ae8bb16f052b",Error,"2025-04-06 15:50:48",59
505,"System log: event 505 - id f7b54bd0355ff16e",Error,"2025-08-05 08:50:48",202
506,"System log: event 506 - id e46f024a561ada17",Critical,"2025-10-08 07:50:48",165
507,"System log: event 507 - id 66c7571668410dec",Critical,"2025-04-29 18:50:48",50
508,"System log: event 508 - id 4bf14c8e74902dfd",Warning,"2025-03-10 14:50:48",80
509,"System log: event 509 - id 2dfc9d26d783f6f7",Error,"2025-05-07 13:50:48",16
510,"System log: event 510 - id a94707122e303857",Warning,"2025-09-12 20:50:48",111
511,"System log: event 511 - id 84292bf8d6fd8e9b",Critical,"2025-05-09 21:50:48",136
512,"System log: event 512 - id aca850b446628a97",Warning,"2025-03-21 09:50:48",198
513,"System log: event 513 - id e61902511b3e1c0d",Critical,"2025-06-21 04:50:48",190
514,"System log: event 514 - id dfdca9f2ab02cf1b",Critical,"2025-07-14 10:50:48",149
515,"System log: event 515 - id 35e71ec9a567a161",Error,"2025-04-29 23:50:48",85
516,"System log: event 516 - id cbcb08ae8e67f2b3",Critical,"2025-05-28 15:50:48",149
517,"System log: event 517 - id 1136d5f46947e26b",Critical,"2025-06-14 14:50:48",163
518,"System log: event 518 - id 78608d47a944ec99",Critical,"2025-04-12 18:50:48",17
519,"System log: event 519 - id aa6d3d9c62df2854",Error,"2025-03-12 17:50:48",70
520,"System log: event 520 - id efabcb74a5bb4794",Error,"2025-07-21 19:50:48",191
521,"System log: event 521 - id 41ef25513c1d5c4a",Warning,"2025-05-20 10:50:48",94
522,"System log: event 522 - id 185632c090ea7af1",Critical,"2025-05-31 20:50:48",108
523,"System log: event 523 - id 1c1c4409d3e38b69",Critical,"2025-04-22 13:50:48",145
524,"System log: event 524 - id 19da0ce1a0257c9c",Info,"2025-03-23 09:50:48",45
525,"System log: event 525 - id c232fbc80e17b8f8",Info,"2025-09-02 15:50:48",136
526,"System log: event 526 - id dd69a0cf39afdba1",Critical,"2025-10-25 01:50:48",81
527,"System log: event 527 - id 248bbad3f43b156f",Error,"2025-06-10 01:50:48",199
528,"System log: event 528 - id 408f99de63a5a23a",Warning,"2025-10-12 09:50:48",74
529,"System log: event 529 - id 793a31128367bcf0",Critical,"2025-06-18 14:50:48",169
530,"System log: event 530 - id 9ef9c1edccd21ecd",Info,"2025-03-14 06:50:48",116
531,"System log: event 531 - id ba85b2ce3022e953",Warning,"2025-07-28 16:50:48",186
532,"System log: event 532 - id ac8ef2b9802d8523",Warning,"2025-03-21 19:50:48",55
533,"System log: event 533 - id 9aaf338ccab225a2",Warning,"2025-07-09 22:50:48",126
534,"System log: event 534 - id 71712b733c89ca41",Warning,"2025-08-27 14:50:48",197
535,"System log: event 535 - id bf991c837d5a873f",Info,"2025-05-02 15:50:48",218
536,"System log: event 536 - id 63b4b1604e8c886a",Info,"2025-06-17 13:50:48",1
537,"System log: event 537 - id 1d520ed35b2fe6b1",Info,"2025-07-27 19:50:48",68
538,"System log: event 538 - id 24b540ca8b778c94",Info,"2025-03-17 18:50:48",60
539,"System log: event 539 - id 7f2f6a6ce7373101",Error,"2025-04-23 03:50:48",12
540,"System log: event 540 - id a166581da26d0dc8",Warning,"2025-07-08 01:50:48",209
541,"System log: event 541 - id 6bd03f0b6dee6299",Info,"2025-05-23 17:50:48",3
542,"System log: event 542 - id 3a6cabd10b4dd60e",Warning,"2025-10-27 04:50:48",43
543,"System log: event 543 - id c16d817b025e28c",Error,"2025-10-22 09:50:48",136
544,"System log: event 544 - id 41f343720be8ca89",Warning,"2025-11-04 03:50:48",209
545,"System log: event 545 - id e7e297fc908a9af6",Warning,"2025-07-01 15:50:48",129
546,"System log: event 546 - id fd12c523f6ac2e05",Critical,"2025-07-24 13:50:48",66
547,"System log: event 547 - id 1f071329cefda0fb",Critical,"2025-10-20 00:50:48",41
548,"System log: event 548 - id 9869085518ddfabc",Critical,"2025-05-19 23:50:48",81
549,"System log: event 549 - id 4fa086725e3b7122",Warning,"2025-08-10 23:50:48",208
550,"System log: event 550 - id 32386c78437662a2",Warning,"2025-05-05 21:50:48",190
551,"System log: event 551 - id c22b209efc11947e",Warning,"2025-03-10 14:50:48",32
552,"System log: event 552 - id f15374561dc86c44",Warning,"2025-07-05 04:50:48",30
553,"System log: event 553 - id 1bc980992ff7e561",Info,"2025-04-17 14:50:48",130
554,"System log: event 554 - id c08596af331a9e97",Critical,"2025-03-24 22:50:48",83
555,"System log: event 555 - id 7c9287705ec9a2ae",Warning,"2025-05-28 20:50:48",212
556,"System log: event 556 - id 4f606a9c3e55c4e6",Info,"2025-09-21 14:50:48",136
557,"System log: event 557 - id c6026c464beef13f",Error,"2025-08-18 16:50:48",219
558,"System log: event 558 - id ffb2e76d4c380aae",Critical,"2025-03-15 01:50:48",138
559,"System log: event 559 - id d564a2f38ca606f5",Warning,"2025-06-04 12:50:48",130
560,"System log: event 560 - id 44d2617269b0e64e",Info,"2025-03-21 08:50:48",79
561,"System log: event 561 - id b7a0e6b321f9e98",Warning,"2025-10-15 08:50:48",190
562,"System log: event 562 - id 5d4ef86278f94d9b",Critical,"2025-06-29 15:50:48",155
563,"System log: event 563 - id e3bda30ac20891c4",Info,"2025-06-06 22:50:48",97
564,"System log: event 564 - id a93724cfc239e7b9",Critical,"2025-08-17 15:50:48",81
565,"System log: event 565 - id 522fe89912c74842",Error,"2025-07-25 23:50:48",155
566,"System log: event 566 - id 92e101a7adf84f5",Error,"2025-05-26 11:50:48",78
567,"System log: event 567 - id cc957fe9ad89beb0",Error,"2025-08-25 06:50:48",84
568,"System log: event 568 - id c14042018bbc079a",Warning,"2025-10-15 13:50:48",115
569,"System log: event 569 - id 5bf24ec9c68b9dc1",Error,"2025-08-02 05:50:48",16
570,"System log: event 570 - id b9053767cadb6029",Warning,"2025-06-09 18:50:48",174
571,"System log: event 571 - id 22b9f86f32e903d5",Warning,"2025-03-08 12:50:48",41
572,"System log: event 572 - id 309e767bf2bae007",Critical,"2025-08-31 22:50:48",193
573,"System log: event 573 - id 23c74130e716628f",Warning,"2025-10-16 03:50:48",133
574,"System log: event 574 - id c2a8b770f03aab7",Info,"2025-10-14 15:50:48",48
575,"System log: event 575 - id 1920ce21aa5884e5",Warning,"2025-09-20 12:50:48",173
576,"System log: event 576 - id 98f363acbdbfcb3f",Error,"2025-09-06 06:50:48",17
577,"System log: event 577 - id 385d5e226abcf4c2",Warning,"2025-06-24 13:50:48",205
578,"System log: event 578 - id 90227d2966febb12",Warning,"2025-05-29 20:50:48",46
579,"System log: event 579 - id d4389e0ab662a062",Critical,"2025-05-14 06:50:48",20
580,"System log: event 580 - id a0e1f5aed5e53d95",Critical,"2025-03-12 13:50:48",102
581,"System log: event 581 - id dd28ca93e2be4253",Warning,"2025-05-30 16:50:48",132
582,"System log: event 582 - id 259cc5eab96ecec2",Info,"2025-08-04 17:50:48",43
583,"System log: event 583 - id 376e4a87fbf227cb",Warning,"2025-07-01 14:50:48",97
584,"System log: event 584 - id da74dc93a7093a3b",Critical,"2025-10-14 19:50:48",7
585,"System log: event 585 - id d468f33d16bc24dd",Error,"2025-10-06 18:50:48",82
586,"System log: event 586 - id a7026ae8187ed1fc",Critical,"2025-03-14 05:50:48",190
587,"System log: event 587 - id a9b014eef87d04d7",Info,"2025-11-01 01:50:48",121
588,"System log: event 588 - id 842eb0bdd93722b9",Critical,"2025-10-03 23:50:48",169
589,"System log: event 589 - id 64f164cf26768b53",Error,"2025-07-02 12:50:48",144
590,"System log: event 590 - id e8586c44e50bab0d",Info,"2025-07-30 15:50:48",20
591,"System log: event 591 - id a5b465574f7e3a2a",Error,"2025-04-22 15:50:48",29
592,"System log: event 592 - id d103c38abbfb79f6",Error,"2025-04-14 19:50:48",143
593,"System log: event 593 - id abdfc9acc7edec49",Info,"2025-07-12 06:50:48",73
594,"System log: event 594 - id 1d7e015bdd8c3554",Warning,"2025-08-30 18:50:48",177
595,"System log: event 595 - id 105700dfbef5b57",Error,"2025-03-28 20:50:48",74
596,"System log: event 596 - id 70d4d767021646d4",Critical,"2025-11-05 17:50:48",207
597,"System log: event 597 - id 2eeb8fa818c559be",Info,"2025-07-29 23:50:48",119
598,"System log: event 598 - id ed8cd4f5cbd2582b",Critical,"2025-11-11 17:50:48",157
599,"System log: event 599 - id 59c4eb095aee8a3d",Warning,"2025-03-09 06:50:48",50
600,"System log: event 600 - id ce21dd1273fccdee",Warning,"2025-11-05 17:50:48",66
601,"System log: event 601 - id f64043b7b2ae5f08",Warning,"2025-06-10 20:50:48",184
602,"System log: event 602 - id 6e6cbd9a7989bea9",Warning,"2025-06-04 17:50:48",66
603,"System log: event 603 - id 6540b65c6cd85714",Error,"2025-03-30 02:50:48",84
604,"System log: event 604 - id 9f553741a43572bb",Warning,"2025-05-30 18:50:48",29
605,"System log: event 605 - id 260870bbd10f45ca",Warning,"2025-06-09 08:50:48",86
606,"System log: event 606 - id ea89cc522a26e048",Critical,"2025-10-20 13:50:48",39
607,"System log: event 607 - id a7ef61c0fd1d33bc",Critical,"2025-08-02 04:50:48",29
608,"System log: event 608 - id b85b5110fb36ebcc",Error,"2025-06-08 07:50:48",92
609,"System log: event 609 - id a8342237e820100d",Info,"2025-09-08 08:50:48",134
610,"System log: event 610 - id 5c3592c8e43cdcae",Info,"2025-08-24 17:50:48",194
611,"System log: event 611 - id 1dde7c2fd99d37ba",Critical,"2025-06-29 08:50:48",81
612,"System log: event 612 - id 4ef135bd86bed01f",Critical,"2025-07-18 16:50:48",154
613,"System log: event 613 - id a50cecc47a256334",Warning,"2025-05-29 20:50:48",22
614,"System log: event 614 - id 87aca28fe38a0e13",Info,"2025-08-29 17:50:48",10
615,"System log: event 615 - id a37f6633667ab0cc",Warning,"2025-05-22 04:50:48",163
616,"System log: event 616 - id 4648e8e76ad4681",Error,"2025-08-02 09:50:48",154
617,"System log: event 617 - id 28e8a6bac6762df8",Error,"2025-11-07 15:50:48",206
618,"System log: event 618 - id bcf977bc7e934fd4",Warning,"2025-07-29 17:50:48",200
619,"System log: event 619 - id 4d516bbd59361737",Info,"2025-05-23 00:50:48",209
620,"System log: event 620 - id 97bbf7948f108907",Critical,"2025-09-13 11:50:48",69
621,"System log: event 621 - id bd8ca1843e9c63a8",Warning,"2025-04-11 10:50:48",132
622,"System log: event 622 - id 19f26ce17ffe8eb3",Critical,"2025-08-19 13:50:48",168
623,"System log: event 623 - id 7ff27eefaf83bb07",Warning,"2025-04-18 19:50:48",129
624,"System log: event 624 - id 8adde302cf9d92b5",Warning,"2025-05-06 08:50:48",143
625,"System log: event 625 - id f3ba7624d1b2a7a4",Error,"2025-03-26 13:50:48",125
626,"System log: event 626 - id bb702f89466347a0",Warning,"2025-04-27 17:50:48",65
627,"System log: event 627 - id e88d2d12603859d1",Critical,"2025-05-05 18:50:48",112
628,"System log: event 628 - id 3a041ddf7800f8b6",Warning,"2025-10-20 01:50:48",123
629,"System log: event 629 - id 1aad0fc2fc6e3043",Critical,"2025-03-19 21:50:48",143
630,"System log: event 630 - id 245fe23cfe01225",Error,"2025-05-18 01:50:48",196
631,"System log: event 631 - id cedc271cc430a0ad",Info,"2025-06-27 10:50:48",124
632,"System log: event 632 - id 35a4d4ece1fff263",Error,"2025-09-28 14:50:48",32
633,"System log: event 633 - id e6b282d3354af439",Critical,"2025-11-05 17:50:48",17
634,"System log: event 634 - id 7b6c0b7617e0f4b0",Error,"2025-04-15 01:50:48",33
635,"System log: event 635 - id f98d17bdd0dfa761",Info,"2025-03-31 23:50:48",67
636,"System log: event 636 - id bfa5d4af2f3198fb",Critical,"2025-11-04 18:50:48",66
637,"System log: event 637 - id 2e9eebdce1e544",Warning,"2025-06-11 22:50:48",87
638,"System log: event 638 - id cc0219ff58e64a3f",Error,"2025-07-06 15:50:48",180
639,"System log: event 639 - id 1840b084296d271c",Info,"2025-03-12 22:50:48",63
640,"System log: event 640 - id bdbb03ec78d1534c",Critical,"2025-07-27 20:50:48",3
641,"System log: event 641 - id e1795cb8c9e08849",Warning,"2025-11-01 18:50:48",39
642,"System log: event 642 - id 91bf8331c65ec891",Critical,"2025-08-20 16:50:48",166
643,"System log: event 643 - id e2ccbe7a5459927",Warning,"2025-10-08 12:50:48",167
644,"System log: event 644 - id 232b653bcb153154",Critical,"2025-09-29 09:50:48",31
645,"System log: event 645 - id f3d845879c511155",Error,"2025-09-13 10:50:48",155
646,"System log: event 646 - id 2d664d24142d2283",Info,"2025-09-23 19:50:48",70
647,"System log: event 647 - id 9bf5b67c6a6b6b2",Warning,"2025-09-04 11:50:48",91
648,"System log: event 648 - id dda1f00051a67a4",Warning,"2025-07-14 22:50:48",173
649,"System log: event 649 - id 655aec1ce4be4119",Warning,"2025-04-09 12:50:48",108
650,"System log: event 650 - id 3d008de622bebf7f",Info,"2025-05-07 01:50:48",57
651,"System log: event 651 - id 8841ddfda64e5e11",Info,"2025-09-11 18:50:48",194
652,"System log: event 652 - id fa9e92c574790beb",Error,"2025-11-09 19:50:48",141
653,"System log: event 653 - id 4ebb71cacb0aba86",Warning,"2025-10-31 01:50:48",36
654,"System log: event 654 - id 534fa70e5c69c4bc",Error,"2025-06-18 21:50:48",211
655,"System log: event 655 - id e98e75264a1a5974",Warning,"2025-08-07 10:50:48",21
656,"System log: event 656 - id 5ff94277892d806b",Critical,"2025-10-08 06:50:48",94
657,"System log: event 657 - id 48ef00fa6840a48a",Info,"2025-10-06 14:50:48",114
658,"System log: event 658 - id 2e1b7797b52988e2",Warning,"2025-11-01 21:50:48",38
659,"System log: event 659 - id 4497148e34131aa3",Warning,"2025-04-12 04:50:48",164
660,"System log: event 660 - id 95a7f276748f5aa6",Warning,"2025-07-25 20:50:48",144
661,"System log: event 661 - id 8c1a871f51ac06b7",Warning,"2025-07-26 01:50:48",107
662,"System log: event 662 - id f9cf06e367731ce9",Error,"2025-08-26 02:50:48",117
663,"System log: event 663 - id a5ac47c30910e6f9",Critical,"2025-10-10 01:50:48",28
664,"System log: event 664 - id 6294fab530a9f46b",Critical,"2025-07-01 01:50:48",26
665,"System log: event 665 - id e4284e4509020ef",Error,"2025-07-21 00:50:48",92
666,"System log: event 666 - id 76d86364bfbc4aca",Critical,"2025-10-01 05:50:48",120
667,"System log: event 667 - id 107c170cd8b3de3f",Info,"2025-10-03 14:50:48",157
668,"System log: event 668 - id 1f428fe6b6bca2d3",Info,"2025-03-30 14:50:48",102
669,"System log: event 669 - id ef374e67681237e2",Info,"2025-08-03 04:50:48",89
670,"System log: event 670 - id 60526d0ba3a8aa6f",Info,"2025-03-24 07:50:48",166
671,"System log: event 671 - id 3a2e6635986b6d1d",Warning,"2025-03-19 18:50:48",170
672,"System log: event 672 - id fcb51cb2486e00c9",Error,"2025-07-24 13:50:48",185
673,"System log: event 673 - id 1196b75772fdc596",Critical,"2025-09-09 18:50:48",195
674,"System log: event 674 - id 68d95fb50316de6e",Warning,"2025-04-23 06:50:48",80
675,"System log: event 675 - id accb02ece6020f7",Critical,"2025-04-11 13:50:48",15
676,"System log: event 676 - id 62a210d6382a2819",Info,"2025-06-16 23:50:48",185
677,"System log: event 677 - id f6ef70af6e8df324",Error,"2025-07-16 06:50:48",136
678,"System log: event 678 - id c27176cb6bcf662f",Info,"2025-09-11 02:50:48",145
679,"System log: event 679 - id 7a010511b9dfa6c2",Critical,"2025-10-30 08:50:48",70
680,"System log: event 680 - id 267d969e750fb600",Warning,"2025-03-28 08:50:48",39
681,"System log: event 681 - id e0faebcdcff69af8",Error,"2025-04-14 07:50:48",30
682,"System log: event 682 - id 3e058bcd5ce4052f",Warning,"2025-05-30 17:50:48",187
683,"System log: event 683 - id ea0a9afec47902ec",Info,"2025-03-12 08:50:48",16
684,"System log: event 684 - id 159e57d05d883670",Critical,"2025-10-04 12:50:48",56
685,"System log: event 685 - id e3aec68159c19987",Info,"2025-03-31 05:50:48",115
686,"System log: event 686 - id 4b00676f71cc77be",Warning,"2025-10-22 14:50:48",50
687,"System log: event 687 - id 1f8039d5f66168aa",Critical,"2025-04-17 18:50:48",80
688,"System log: event 688 - id 4670838a30e668af",Critical,"2025-08-01 19:50:48",109
689,"System log: event 689 - id de7e29b7679335ac",Error,"2025-05-31 20:50:48",71
690,"System log: event 690 - id e481bcd77a22ab3d",Error,"2025-06-27 13:50:48",22
691,"System log: event 691 - id dedbd91318b8c4b7",Warning,"2025-08-20 01:50:48",156
692,"System log: event 692 - id f8048b6b5156ee24",Warning,"2025-07-03 17:50:48",112
693,"System log: event 693 - id 9d392098e78b409a",Critical,"2025-06-18 06:50:48",166
694,"System log: event 694 - id 1eb4405d960a583f",Critical,"2025-08-01 00:50:48",115
695,"System log: event 695 - id 422991c46bc3740b",Info,"2025-04-07 13:50:48",198
696,"System log: event 696 - id f495783b4faef650",Warning,"2025-04-07 03:50:48",48
697,"System log: event 697 - id 111e350f73640911",Critical,"2025-10-22 23:50:48",174
698,"System log: event 698 - id 38048a9a8654fb76",Error,"2025-05-20 11:50:48",25
699,"System log: event 699 - id ab1e1f76dbbd8630",Critical,"2025-07-26 16:50:48",157
700,"System log: event 700 - id 38251115f5b127a8",Info,"2025-11-07 13:50:48",74
701,"System log: event 701 - id cf51719a0df830a0",Error,"2025-05-05 19:50:48",40
702,"System log: event 702 - id 7b4df03a931507a9",Info,"2025-05-07 22:50:48",195
703,"System log: event 703 - id b3736e9f0fa391f3",Warning,"2025-04-28 13:50:48",52
704,"System log: event 704 - id da0c050c801f3685",Info,"2025-08-07 04:50:48",187
705,"System log: event 705 - id 95875ebd6b81f45b",Info,"2025-04-11 14:50:48",201
706,"System log: event 706 - id e5139e340ad1e99d",Critical,"2025-08-29 20:50:48",203
707,"System log: event 707 - id 757f92ee238573d6",Warning,"2025-09-18 01:50:48",206
708,"System log: event 708 - id bdaeb712df6fb1ec",Error,"2025-07-14 10:50:48",29
709,"System log: event 709 - id 612b25a586d4a9e2",Info,"2025-10-06 07:50:48",102
710,"System log: event 710 - id 40b8e7226e8158f1",Critical,"2025-07-01 22:50:48",107
711,"System log: event 711 - id 2edee3ad925837bd",Critical,"2025-11-05 20:50:48",12
712,"System log: event 712 - id 6e986d521e22949",Critical,"2025-10-22 20:50:48",206
713,"System log: event 713 - id c101772ea622eab4",Error,"2025-04-13 12:50:48",39
714,"System log: event 714 - id 4fc02579ed40fa97",Warning,"2025-05-25 04:50:48",135
715,"System log: event 715 - id ef192609d8263de4",Info,"2025-08-15 18:50:48",174
716,"System log: event 716 - id 2487e7ec8da59bd0",Error,"2025-09-27 12:50:48",185
717,"System log: event 717 - id 4dfc0a7b8dc1f21e",Warning,"2025-07-14 20:50:48",66
718,"System log: event 718 - id aed267827682750d",Warning,"2025-04-18 21:50:48",75
719,"System log: event 719 - id de88eb27f86ff5a5",Critical,"2025-10-20 03:50:48",90
720,"System log: event 720 - id fddfd33164f6dd62",Critical,"2025-05-15 05:50:48",45
721,"System log: event 721 - id 5160fa8257c3ce67",Info,"2025-04-19 03:50:48",206
722,"System log: event 722 - id 8d56f72aa68df20e",Critical,"2025-07-20 17:50:48",88
723,"System log: event 723 - id 7fc2a4d8182b66bb",Error,"2025-07-03 04:50:48",163
724,"System log: event 724 - id 4f6056213b28e6ff",Critical,"2025-07-13 21:50:48",39
725,"System log: event 725 - id aa2ac91f5d3795c8",Critical,"2025-03-15 01:50:48",169
726,"System log: event 726 - id 73d1db5b2e9778a4",Error,"2025-03-27 12:50:48",151
727,"System log: event 727 - id b5e97bbcaf7030cf",Critical,"2025-03-30 15:50:48",131
728,"System log: event 728 - id ce1b09731498736",Critical,"2025-04-24 08:50:48",46
729,"System log: event 729 - id 391a79f4910993a9",Info,"2025-07-05 13:50:48",154
730,"System log: event 730 - id 7c850e90e787b2d0",Error,"2025-11-08 18:50:48",158
731,"System log: event 731 - id f3a46b1baa48e599",Critical,"2025-10-01 14:50:48",97
732,"System log: event 732 - id d0427f25022791b3",Info,"2025-07-02 20:50:48",200
733,"System log: event 733 - id 8f641fddd5823494",Warning,"2025-09-13 10:50:48",115
734,"System log: event 734 - id eb332e99d4d2aed9",Critical,"2025-08-02 18:50:48",135
735,"System log: event 735 - id 3d513b1057e23da5",Critical,"2025-05-17 23:50:48",101
736,"System log: event 736 - id 7521f29aed9d3d01",Info,"2025-05-10 09:50:48",102
737,"System log: event 737 - id 99336261bd2f0478",Warning,"2025-08-04 05:50:48",20
738,"System log: event 738 - id 392a5aef566fb905",Error,"2025-07-12 08:50:48",2
739,"System log: event 739 - id f65acf0ef74f6cd9",Critical,"2025-08-19 10:50:48",170
740,"System log: event 740 - id 55c47961f513cbe",Critical,"2025-04-19 17:50:48",93
741,"System log: event 741 - id 58efb38f24ba708b",Error,"2025-09-22 07:50:48",162
742,"System log: event 742 - id 8a04cb0b28d99c50",Error,"2025-03-13 10:50:48",77
743,"System log: event 743 - id 4f873a4946e96b07",Warning,"2025-09-08 18:50:48",85
744,"System log: event 744 - id bcefd1dfa16a58b8",Critical,"2025-10-25 21:50:48",54
745,"System log: event 745 - id 8dadebdbf52d1216",Info,"2025-07-04 08:50:48",127
746,"System log: event 746 - id d39fae3c11e1b0bb",Critical,"2025-07-11 04:50:48",126
747,"System log: event 747 - id 416b32e32d534011",Error,"2025-08-14 18:50:48",210
748,"System log: event 748 - id d8667a63a3d96823",Critical,"2025-04-05 12:50:48",168
749,"System log: event 749 - id 690d1687a288a8d0",Info,"2025-10-05 04:50:48",68
750,"System log: event 750 - id 77c7bf55cb4424ec",Critical,"2025-10-01 21:50:48",23
751,"System log: event 751 - id 4854e9d6896aeb19",Info,"2025-09-05 23:50:48",89
752,"System log: event 752 - id 2366d1c7dbeca539",Info,"2025-03-15 15:50:48",22
753,"System log: event 753 - id c5d367c6742659b3",Info,"2025-07-30 02:50:48",121
754,"System log: event 754 - id ad10ba26c0066696",Info,"2025-10-03 17:50:48",138
755,"System log: event 755 - id c61bd3dde4dbfd8f",Warning,"2025-10-14 15:50:48",189
756,"System log: event 756 - id d6818aa6cd0e209e",Error,"2025-07-29 09:50:48",93
757,"System log: event 757 - id 5cd310fc8dcd49ec",Info,"2025-07-19 11:50:48",26
758,"System log: event 758 - id 7fbd2ae4a3c4200e",Error,"2025-04-04 21:50:48",37
759,"System log: event 759 - id 2adfaefd098724af",Critical,"2025-06-06 18:50:48",117
760,"System log: event 760 - id 3239e239f2625196",Warning,"2025-11-01 03:50:48",175
761,"System log: event 761 - id 63c8962d68d6f668",Warning,"2025-10-06 02:50:48",136
762,"System log: event 762 - id fcdeb09ae19fbaa3",Critical,"2025-04-21 00:50:48",116
763,"System log: event 763 - id d727319a6826c141",Critical,"2025-09-15 22:50:48",182
764,"System log: event 764 - id 849333850cfe05b",Error,"2025-03-29 08:50:48",88
765,"System log: event 765 - id 6b93df81f8eee1b3",Critical,"2025-04-19 10:50:48",213
766,"System log: event 766 - id 552b7edad11144f9",Error,"2025-03-21 06:50:48",165
767,"System log: event 767 - id 5f7a1127c6df7667",Critical,"2025-09-22 02:50:48",219
768,"System log: event 768 - id b5aaa3b26cfea29f",Error,"2025-10-07 22:50:48",213
769,"System log: event 769 - id cabbd934024ee84e",Error,"2025-09-19 18:50:48",209
770,"System log: event 770 - id 796733cb6eedacbd",Info,"2025-10-16 19:50:48",121
771,"System log: event 771 - id 2347941bbedb3b38",Info,"2025-08-27 22:50:48",170
772,"System log: event 772 - id d0c2d5286855d08d",Error,"2025-05-30 01:50:48",146
773,"System log: event 773 - id 690efea4130f8b82",Error,"2025-10-20 05:50:48",78
774,"System log: event 774 - id d74d46387814021d",Error,"2025-03-18 09:50:48",148
775,"System log: event 775 - id 8a4588166f12bc15",Warning,"2025-07-07 13:50:48",93
776,"System log: event 776 - id 1a5264dfb0925f9c",Info,"2025-09-23 04:50:48",106
777,"System log: event 777 - id 1911d8573e1ba7af",Warning,"2025-06-14 18:50:48",122
778,"System log: event 778 - id 79f069c4e66c39d9",Warning,"2025-10-16 11:50:48",1
779,"System log: event 779 - id ad2ed813c1c6648",Critical,"2025-06-24 07:50:48",211
780,"System log: event 780 - id 5f627c95d5d05784",Warning,"2025-04-30 20:50:48",193
781,"System log: event 781 - id c3edaf485f6d8b70",Warning,"2025-03-09 01:50:48",96
782,"System log: event 782 - id 13f754f1187844b1",Info,"2025-06-17 21:50:48",173
783,"System log: event 783 - id dcc48049541b6d62",Critical,"2025-07-28 06:50:48",176
784,"System log: event 784 - id f2c13c0329ee793d",Warning,"2025-03-09 04:50:48",208
785,"System log: event 785 - id dc05dddd29e3fe6",Error,"2025-07-14 01:50:48",198
786,"System log: event 786 - id c92d80e08e4bbb2b",Info,"2025-09-10 18:50:48",209
787,"System log: event 787 - id 824573b957d9a0ab",Warning,"2025-08-30 08:50:48",141
788,"System log: event 788 - id 5b4235a0b16a8a9d",Info,"2025-07-10 08:50:48",57
789,"System log: event 789 - id 4755042a9fe9c15e",Error,"2025-06-13 11:50:48",158
790,"System log: event 790 - id eebae2664623d3b7",Warning,"2025-07-06 20:50:48",93
791,"System log: event 791 - id fe022bbf23ca3139",Info,"2025-09-25 20:50:48",66
792,"System log: event 792 - id fce49b24735ac3aa",Warning,"2025-09-12 14:50:48",58
793,"System log: event 793 - id 5537b6826f786d4e",Critical,"2025-09-27 18:50:48",112
794,"System log: event 794 - id 5c70660cee62c2f2",Warning,"2025-09-19 23:50:48",21
795,"System log: event 795 - id 9a50ab8831b1696",Error,"2025-06-29 13:50:48",194
796,"System log: event 796 - id cf70f2bd9e9755a",Error,"2025-09-17 07:50:48",108
797,"System log: event 797 - id 1a85072299e983c2",Info,"2025-09-09 17:50:48",158
798,"System log: event 798 - id ec99df34a7716f94",Critical,"2025-05-09 08:50:48",144
799,"System log: event 799 - id 72d6f706e2b5f51f",Critical,"2025-10-20 00:50:48",38
800,"System log: event 800 - id 37a6311d5fd09d13",Warning,"2025-05-25 17:50:48",201
801,"System log: event 801 - id 7d3606b4c8c15a6f",Error,"2025-11-03 20:50:48",171
802,"System log: event 802 - id dcf6a92abcbcbc1f",Error,"2025-10-20 23:50:48",152
803,"System log: event 803 - id ca47a0d32730abf7",Info,"2025-08-08 23:50:48",118
804,"System log: event 804 - id cc0a2cb5eb6f43dc",Warning,"2025-08-21 08:50:48",85
805,"System log: event 805 - id e3f10cf03087c7d7",Info,"2025-10-20 07:50:48",111
806,"System log: event 806 - id f06d8a447474da96",Info,"2025-07-20 03:50:48",65
807,"System log: event 807 - id 4a1d15b3c65d8635",Warning,"2025-09-26 11:50:48",54
808,"System log: event 808 - id 6b4ba86f940c2a55",Error,"2025-10-24 03:50:48",141
809,"System log: event 809 - id 174f73f522279a1d",Warning,"2025-08-24 12:50:48",164
810,"System log: event 810 - id a0419293f94557cd",Critical,"2025-04-02 22:50:48",164
811,"System log: event 811 - id 33588997142f9081",Warning,"2025-04-09 08:50:48",85
812,"System log: event 812 - id e441488a46426716",Critical,"2025-04-27 18:50:48",128
813,"System log: event 813 - id 33d5a8962953c117",Error,"2025-04-16 07:50:48",123
814,"System log: event 814 - id 7ae6750d33cca8a0",Error,"2025-05-27 02:50:48",206
815,"System log: event 815 - id d9387d46d561c699",Info,"2025-11-05 22:50:48",77
816,"System log: event 816 - id 804571234be465be",Info,"2025-07-27 17:50:48",173
817,"System log: event 817 - id 65a175a96e317ede",Warning,"2025-03-22 11:50:48",51
818,"System log: event 818 - id 1e68724e56ed98a8",Warning,"2025-09-04 20:50:48",72
819,"System log: event 819 - id b45e3f4fbec7ce48",Critical,"2025-04-11 05:50:48",129
820,"System log: event 820 - id 4d9d6b745def9140",Error,"2025-08-24 10:50:48",45
821,"System log: event 821 - id 9732ce8c309ec9fb",Error,"2025-07-22 08:50:48",154
822,"System log: event 822 - id 757ee3a7082f07bd",Critical,"2025-10-06 07:50:48",109
823,"System log: event 823 - id c9f4bf5c76054785",Critical,"2025-08-30 13:50:48",75
824,"System log: event 824 - id a19bd3dba13b4eed",Error,"2025-03-10 11:50:48",55
825,"System log: event 825 - id 4f3556b7a3d8ecc8",Warning,"2025-07-11 11:50:48",152
826,"System log: event 826 - id a599abc2c926a2cf",Critical,"2025-07-22 08:50:48",99
827,"System log: event 827 - id 2bef3c479d8658cc",Error,"2025-06-06 16:50:48",69
828,"System log: event 828 - id f7040d378d37296b",Info,"2025-03-28 09:50:48",128
829,"System log: event 829 - id 65ae901d04446f0b",Error,"2025-09-25 17:50:48",202
830,"System log: event 830 - id 298a168838a60abc",Error,"2025-04-07 04:50:48",80
831,"System log: event 831 - id 1127dda449c23eab",Info,"2025-11-10 14:50:48",113
832,"System log: event 832 - id dd46cd9f52f661d9",Info,"2025-09-27 09:50:48",141
833,"System log: event 833 - id b4236bdc7630957a",Critical,"2025-09-16 21:50:48",199
834,"System log: event 834 - id a71d051d1e84b516",Info,"2025-05-17 02:50:48",27
835,"System log: event 835 - id bf1835be348b85e8",Info,"2025-11-03 16:50:48",57
836,"System log: event 836 - id 3b2f32225bdc8f9d",Error,"2025-05-14 13:50:48",78
837,"System log: event 837 - id 8d34ac8bed68973c",Error,"2025-11-07 03:50:48",152
838,"System log: event 838 - id ca73e947a220049",Error,"2025-04-24 21:50:48",101
839,"System log: event 839 - id f9c28072f66f356e",Warning,"2025-09-21 10:50:48",99
840,"System log: event 840 - id 60ab537c0f40a996",Error,"2025-05-22 12:50:48",67
841,"System log: event 841 - id 94b7bf3f8ea41087",Error,"2025-03-13 05:50:48",13
842,"System log: event 842 - id 4473d82b16a3fe48",Error,"2025-08-23 08:50:48",116
843,"System log: event 843 - id c1da6e44a6fe272e",Critical,"2025-10-02 11:50:48",71
844,"System log: event 844 - id 7e3f09494173f381",Error,"2025-10-10 15:50:48",217
845,"System log: event 845 - id 798f2143bd23ac64",Warning,"2025-07-15 15:50:48",164
846,"System log: event 846 - id 1ded35588f07eaf2",Critical,"2025-11-01 04:50:48",122
847,"System log: event 847 - id 7c9b154dcb0d00e2",Critical,"2025-10-17 08:50:48",189
848,"System log: event 848 - id 63bfce76d8877e1e",Warning,"2025-07-12 06:50:48",30
849,"System log: event 849 - id 5048a6cde2e9d9f6",Critical,"2025-06-29 07:50:48",206
850,"System log: event 850 - id 5c79385f4f8529f3",Warning,"2025-07-13 16:50:48",159
851,"System log: event 851 - id 64dc27a90acfd30e",Info,"2025-06-15 21:50:48",43
852,"System log: event 852 - id dbbcc542f8febbc0",Warning,"2025-07-09 12:50:48",30
853,"System log: event 853 - id 1b64a6658fbde396",Info,"2025-05-03 11:50:48",45
854,"System log: event 854 - id 3966cacc976bfb76",Critical,"2025-11-07 22:50:48",212
855,"System log: event 855 - id 855d118d59b9408c",Error,"2025-05-24 10:50:48",198
856,"System log: event 856 - id 5216f95ef3aa4bb9",Warning,"2025-07-18 10:50:48",44
857,"System log: event 857 - id 2a38e4458f787289",Error,"2025-04-18 19:50:48",161
858,"System log: event 858 - id 246a8ee2596eb1a0",Info,"2025-09-19 08:50:48",122
859,"System log: event 859 - id 55179ebe988dca12",Critical,"2025-04-09 11:50:48",72
860,"System log: event 860 - id 7e696ee4c8269533",Info,"2025-07-07 03:50:48",57
861,"System log: event 861 - id d8dc68476096754c",Error,"2025-04-29 14:50:48",126
862,"System log: event 862 - id f68f0200fa33aaf5",Error,"2025-11-03 20:50:48",18
863,"System log: event 863 - id 304fe7c85fa6626f",Error,"2025-08-17 12:50:48",60
864,"System log: event 864 - id e9d8321a65d3d88b",Warning,"2025-10-21 23:50:48",3
865,"System log: event 865 - id 16444c24c2e40432",Critical,"2025-03-17 08:50:48",188
866,"System log: event 866 - id 6448ed8f508b60bc",Warning,"2025-10-19 06:50:48",66
867,"System log: event 867 - id ff895fa12579ec68",Error,"2025-11-02 07:50:48",155
868,"System log: event 868 - id d9390bd6c9059ec7",Critical,"2025-04-30 05:50:48",161
869,"System log: event 869 - id 881b5a1ac5ddbf54",Warning,"2025-10-16 02:50:48",46
870,"System log: event 870 - id d541c3242995e8f0",Info,"2025-04-08 02:50:48",163
871,"System log: event 871 - id 2193e61aef234022",Error,"2025-03-22 21:50:48",204
872,"System log: event 872 - id fd88dc72f4227371",Error,"2025-03-26 06:50:48",121
873,"System log: event 873 - id 7c7d79adbb018c41",Warning,"2025-06-19 15:50:48",73
874,"System log: event 874 - id a730dc03ee034a61",Critical,"2025-07-12 17:50:48",209
875,"System log: event 875 - id edde67c24ae1cb73",Warning,"2025-08-23 05:50:48",173
876,"System log: event 876 - id 4a3f0665fc4abc4c",Critical,"2025-10-16 19:50:48",191
877,"System log: event 877 - id d17be9be75de5ebb",Info,"2025-09-23 14:50:48",162
878,"System log: event 878 - id 9739d167483911c4",Error,"2025-08-22 17:50:48",141
879,"System log: event 879 - id a8f03fda233beb78",Warning,"2025-10-16 18:50:48",128
880,"System log: event 880 - id 3027ce82ed95816c",Info,"2025-04-06 19:50:48",140
881,"System log: event 881 - id 414e0efbb4125ed6",Critical,"2025-05-28 20:50:48",29
882,"System log: event 882 - id aac546e55c9d83df",Critical,"2025-06-05 04:50:48",156
883,"System log: event 883 - id 44afd6e25c0b5ef7",Critical,"2025-08-08 17:50:48",71
884,"System log: event 884 - id aba52ecdae1f5541",Critical,"2025-07-10 19:50:48",190
885,"System log: event 885 - id 23bf507c297e693b",Error,"2025-07-01 02:50:48",29
886,"System log: event 886 - id 957484230f27b22c",Info,"2025-11-02 22:50:48",220
887,"System log: event 887 - id e11bc6633f6e4ec5",Error,"2025-05-28 22:50:48",32
888,"System log: event 888 - id e094609c4714c5d8",Error,"2025-09-06 06:50:48",159
889,"System log: event 889 - id 6c3853f06bd69fed",Warning,"2025-07-04 02:50:48",71
890,"System log: event 890 - id 268fea08e20ca3a9",Info,"2025-07-22 05:50:48",17
891,"System log: event 891 - id 48d7e2790edf8c57",Warning,"2025-10-03 11:50:48",106
892,"System log: event 892 - id dabc7d965d1c341d",Critical,"2025-03-13 11:50:48",159
893,"System log: event 893 - id c6f5607b2f8ddc31",Error,"2025-05-21 14:50:48",154
894,"System log: event 894 - id 41ad15ebd634df36",Critical,"2025-10-09 10:50:48",27
895,"System log: event 895 - id 6c50c575f5615021",Warning,"2025-09-06 10:50:48",43
896,"System log: event 896 - id 6af24c34b475e952",Info,"2025-10-12 19:50:48",64
897,"System log: event 897 - id 555b60b1b85d05b2",Error,"2025-10-26 16:50:48",38
898,"System log: event 898 - id e0cbed0a2b7b6d5f",Warning,"2025-07-20 01:50:48",115
899,"System log: event 899 - id 56dc5ab3055c88aa",Critical,"2025-06-12 05:50:48",112
900,"System log: event 900 - id 512e23f8b4005a40",Warning,"2025-09-20 02:50:48",117
901,"System log: event 901 - id d8a2cdf27bf98d79",Warning,"2025-06-14 21:50:48",55
902,"System log: event 902 - id 380bf30c9b748316",Warning,"2025-07-19 03:50:48",215
903,"System log: event 903 - id c81768f4953ac267",Info,"2025-10-10 07:50:48",181
904,"System log: event 904 - id d4fc7817865bc18f",Critical,"2025-09-23 12:50:48",52
905,"System log: event 905 - id 33e81a354ec8f251",Critical,"2025-04-25 00:50:48",173
906,"System log: event 906 - id dc1b392c23a70764",Error,"2025-10-17 12:50:48",163
907,"System log: event 907 - id 31cfd8e6e5777e0f",Warning,"2025-05-16 00:50:48",159
908,"System log: event 908 - id 3ac6371a269ade8f",Warning,"2025-05-16 22:50:48",47
909,"System log: event 909 - id 1393882a8b9508ed",Warning,"2025-04-04 00:50:48",120
910,"System log: event 910 - id e5e2ea2639c89f9e",Info,"2025-07-17 12:50:48",199
911,"System log: event 911 - id 88c72e171f2faa37",Critical,"2025-11-03 00:50:48",196
912,"System log: event 912 - id d8cbad7f6805da69",Warning,"2025-08-26 01:50:48",65
913,"System log: event 913 - id 274e3446362d338c",Warning,"2025-06-23 23:50:48",26
914,"System log: event 914 - id 66aeed85bb65592a",Warning,"2025-09-22 16:50:48",217
915,"System log: event 915 - id 98d4aac6214c1545",Error,"2025-07-28 15:50:48",140
916,"System log: event 916 - id e7f46c048292b769",Error,"2025-05-22 02:50:48",52
917,"System log: event 917 - id 33a244fe37dfbfd0",Critical,"2025-11-04 06:50:48",186
918,"System log: event 918 - id 1ffd6277e0abe7c4",Info,"2025-07-19 06:50:48",141
919,"System log: event 919 - id 75228f58ebeb40fd",Error,"2025-10-28 08:50:48",177
920,"System log: event 920 - id 1903e8397926902b",Warning,"2025-07-13 23:50:48",28
921,"System log: event 921 - id 402e91da6cadf729",Critical,"2025-08-04 07:50:48",32
922,"System log: event 922 - id 19ff96f09db5e0ab",Error,"2025-07-26 15:50:48",198
923,"System log: event 923 - id 39f34504095ee8d3",Critical,"2025-09-04 04:50:48",158
924,"System log: event 924 - id 527270710ce24d8b",Critical,"2025-03-13 05:50:48",16
925,"System log: event 925 - id 1090cba12d800a74",Warning,"2025-06-08 10:50:48",18
926,"System log: event 926 - id c43c307818f51d9a",Error,"2025-07-06 10:50:48",189
927,"System log: event 927 - id 7313407b9db82e29",Critical,"2025-08-19 09:50:48",10
928,"System log: event 928 - id d2e7e458fbabfd57",Info,"2025-09-08 12:50:48",49
929,"System log: event 929 - id b50383ecf8254d6a",Critical,"2025-03-13 14:50:48",13
930,"System log: event 930 - id e27f7053db922cf",Critical,"2025-09-18 21:50:48",93
931,"System log: event 931 - id 779015f6e743b189",Critical,"2025-10-23 16:50:48",220
932,"System log: event 932 - id 9922683351e2e33f",Error,"2025-04-05 20:50:48",16
933,"System log: event 933 - id f67943b4335a641d",Critical,"2025-10-24 07:50:48",185
934,"System log: event 934 - id e684dad361ccbba2",Info,"2025-04-05 19:50:48",19
935,"System log: event 935 - id 146630423c8199ee",Info,"2025-04-21 17:50:48",143
936,"System log: event 936 - id c9d9d65bab162790",Error,"2025-10-12 02:50:48",95
937,"System log: event 937 - id 91e7d1a8cf0f6cf",Info,"2025-10-24 06:50:48",87
938,"System log: event 938 - id 661565d5127cc10a",Warning,"2025-03-20 13:50:48",28
939,"System log: event 939 - id 43ffe2bf56bd4cae",Info,"2025-09-18 03:50:48",49
940,"System log: event 940 - id c435e5aa6149868",Error,"2025-07-08 18:50:48",58
941,"System log: event 941 - id 1dc88b2d73e9ce6b",Critical,"2025-06-26 10:50:48",31
942,"System log: event 942 - id 591358b726b1f7f8",Critical,"2025-06-13 21:50:48",7
943,"System log: event 943 - id 3d37c52b17f56266",Warning,"2025-03-23 04:50:48",197
944,"System log: event 944 - id 1442d83b9adf12fa",Info,"2025-09-20 13:50:48",19
945,"System log: event 945 - id cf27a72722bc06ba",Error,"2025-08-15 12:50:48",170
946,"System log: event 946 - id 7da589e5571c7c19",Error,"2025-05-10 12:50:48",134
947,"System log: event 947 - id 2c1ba67456c9400b",Info,"2025-05-05 05:50:48",10
948,"System log: event 948 - id 4a9da5a7487a0824",Error,"2025-09-11 22:50:48",161
949,"System log: event 949 - id 57b2f4d413600ca7",Error,"2025-04-16 21:50:48",27
950,"System log: event 950 - id d54b77e56187e8c1",Error,"2025-07-09 03:50:48",59
951,"System log: event 951 - id 3ce46ef69e739a7d",Error,"2025-10-14 19:50:48",17
952,"System log: event 952 - id 1cac2f2a665443e1",Info,"2025-08-17 19:50:48",27
953,"System log: event 953 - id 7eaee11dc23106ff",Critical,"2025-09-06 08:50:48",99
954,"System log: event 954 - id 88ddfd0d5c79d362",Critical,"2025-07-01 05:50:48",115
955,"System log: event 955 - id db79670b561b1f08",Error,"2025-07-27 15:50:48",47
956,"System log: event 956 - id 18c19f66361cc269",Info,"2025-10-05 14:50:48",132
957,"System log: event 957 - id f786a75d6dfa23d4",Warning,"2025-09-14 06:50:48",161
958,"System log: event 958 - id ca3f8f0de5ccb96e",Info,"2025-03-29 22:50:48",155
959,"System log: event 959 - id 6f85bdfefc05f1d9",Warning,"2025-07-10 12:50:48",117
960,"System log: event 960 - id 5392bfd401c25151",Warning,"2025-11-01 01:50:48",218
961,"System log: event 961 - id d7be548e0bee57c9",Info,"2025-04-17 23:50:48",77
962,"System log: event 962 - id a2e025960590817b",Critical,"2025-04-06 20:50:48",164
963,"System log: event 963 - id 82f7a2749c819fd5",Error,"2025-11-03 14:50:48",131
964,"System log: event 964 - id ac8872c04db4ad53",Critical,"2025-04-16 03:50:48",171
965,"System log: event 965 - id c4e5e0f1dfec9df0",Error,"2025-05-09 09:50:48",70
966,"System log: event 966 - id 7b6868495b683e4c",Info,"2025-09-21 08:50:48",66
967,"System log: event 967 - id 667f8e0c125e6d9",Warning,"2025-09-12 22:50:48",82
968,"System log: event 968 - id 81499ae81d903460",Warning,"2025-05-10 20:50:48",166
969,"System log: event 969 - id d3072a85cf3cbd5b",Warning,"2025-10-24 22:50:48",201
970,"System log: event 970 - id 30e589e031da4669",Info,"2025-08-25 22:50:48",92
971,"System log: event 971 - id df5285763cb90512",Critical,"2025-09-01 20:50:48",19
972,"System log: event 972 - id 59cf1899949507cc",Info,"2025-07-19 14:50:48",17
973,"System log: event 973 - id b37d841d26e3b3db",Critical,"2025-03-29 05:50:48",101
974,"System log: event 974 - id 6f45bf94e935b6ef",Warning,"2025-06-22 15:50:48",19
975,"System log: event 975 - id 913ab1c4cdf3cbf1",Info,"2025-03-24 03:50:48",168
976,"System log: event 976 - id 211f82824578f214",Error,"2025-04-10 02:50:48",70
977,"System log: event 977 - id 52e44ffa55a8ae02",Critical,"2025-10-06 14:50:48",202
978,"System log: event 978 - id d5069704cf1c0425",Critical,"2025-06-07 05:50:48",45
979,"System log: event 979 - id c167d0b51aa67160",Info,"2025-04-12 02:50:48",19
980,"System log: event 980 - id 5ef69bafa5f39d6",Critical,"2025-08-31 21:50:48",30
981,"System log: event 981 - id e073bc7d8fb307fb",Error,"2025-04-09 22:50:48",4
982,"System log: event 982 - id fa7359d4b819cf3c",Critical,"2025-05-03 09:50:48",14
983,"System log: event 983 - id 9935584fac01e78c",Error,"2025-09-29 13:50:48",50
984,"System log: event 984 - id a80f62892cc451f1",Error,"2025-07-18 07:50:48",202
985,"System log: event 985 - id fbf93438c2d8825e",Info,"2025-05-12 16:50:48",106
986,"System log: event 986 - id 907d6101ce825138",Warning,"2025-05-16 17:50:48",124
987,"System log: event 987 - id eba9410f1c897864",Warning,"2025-08-10 13:50:48",75
988,"System log: event 988 - id dcbe513965a58164",Error,"2025-08-21 05:50:48",52
989,"System log: event 989 - id 6c12097d28fd276e",Critical,"2025-09-14 01:50:48",198
990,"System log: event 990 - id a634038c27d10896",Critical,"2025-11-10 17:50:48",164
991,"System log: event 991 - id 14f6120645eda0ea",Error,"2025-06-10 00:50:48",155
992,"System log: event 992 - id 7310ac7b7af0e5",Warning,"2025-06-15 08:50:48",11
993,"System log: event 993 - id 55476e1e8a079723",Warning,"2025-08-22 00:50:48",10
994,"System log: event 994 - id ce883e98326fa197",Error,"2025-07-24 12:50:48",159
995,"System log: event 995 - id 7492da917d6dc8d4",Warning,"2025-07-29 07:50:48",183
996,"System log: event 996 - id 1fa33c87e3334a8d",Info,"2025-09-20 11:50:48",117
997,"System log: event 997 - id d5bbb9880868239",Warning,"2025-06-25 02:50:48",57
998,"System log: event 998 - id 5fda24665a811144",Info,"2025-08-30 18:50:48",109
999,"System log: event 999 - id 67de7842b1f3658f",Warning,"2025-09-10 12:50:48",30
1000,"System log: event 1000 - id 78e0adb55859d5e3",Critical,"2025-09-03 13:50:48",132
